task_id,mechanism_class,data_seed,strategy,proposal_id,source_labels,formula,parameter_values,complexity,robust_validation_risk,selected_representative
XFER-CREEP-01,creep,1936607229,no_acquisition,portfolio_5e001582c80e98e7,fit_feedback_llm,M_base(x) + (c7 * x2 * (1 - exp((-(c8) * x1)))),"{""c7"": 0.22033384957962315, ""c8"": 2.392221602909961}",10,0.0019306132310509267,True
XFER-CREEP-01,creep,1936607229,no_acquisition,portfolio_06974aeaec0e164f,pysr,M_base(x) + (x2 * tanh(((x1 * (pysr_coefficient_1 ^ -1)) ^ 0.841521)) * pysr_coefficient_2),"{""pysr_coefficient_1"": 0.5937013460501395, ""pysr_coefficient_2"": 0.21964967793349321}",11,0.0017939832306445391,False
XFER-CREEP-01,creep,1936607229,conditional_space_filling,portfolio_5e001582c80e98e7,fit_feedback_llm,M_base(x) + (c7 * x2 * (1 - exp((-(c8) * x1)))),"{""c7"": 0.22033384957962315, ""c8"": 2.392221602909961}",10,0.0019306132310509267,True
XFER-CREEP-01,creep,1936607229,conditional_space_filling,portfolio_06974aeaec0e164f,pysr,M_base(x) + (x2 * tanh(((x1 * (pysr_coefficient_1 ^ -1)) ^ 0.841521)) * pysr_coefficient_2),"{""pysr_coefficient_1"": 0.5937013460501395, ""pysr_coefficient_2"": 0.21964967793349321}",11,0.0017939832306445391,False
XFER-CREEP-01,creep,1936607229,evidence_guided_predictive_disagreement,portfolio_5e001582c80e98e7,fit_feedback_llm,M_base(x) + (c7 * x2 * (1 - exp((-(c8) * x1)))),"{""c7"": 0.22033384957962315, ""c8"": 2.392221602909961}",10,0.0019306132310509267,True
XFER-CREEP-01,creep,1936607229,evidence_guided_predictive_disagreement,portfolio_06974aeaec0e164f,pysr,M_base(x) + (x2 * tanh(((x1 * (pysr_coefficient_1 ^ -1)) ^ 0.841521)) * pysr_coefficient_2),"{""pysr_coefficient_1"": 0.5937013460501395, ""pysr_coefficient_2"": 0.21964967793349321}",11,0.0017939832306445391,False
XFER-PERM-01,permeability,1936607229,no_acquisition,portfolio_c1f71f1dc5d1b411,fit_feedback_llm,M_base(x) * (1 / (1 + (p0 * x1) + (p1 * (x1 ^ 2)))),"{""p0"": 0.344889440088116, ""p1"": -0.02353632195627883}",12,0.005604802473820857,True
XFER-PERM-01,permeability,1936607229,no_acquisition,portfolio_df4732599cf83408,fit_feedback_llm,M_base(x) + (p0 * tanh(((p1 * x1) + (p2 * (x1 ^ 2))))),"{""p0"": 0.3394643246188232, ""p1"": -0.9065470471481165, ""p2"": 0.1537411033170291}",12,0.006028956347501959,False
XFER-PERM-01,permeability,1936607229,conditional_space_filling,portfolio_c1f71f1dc5d1b411,fit_feedback_llm,M_base(x) * (1 / (1 + (p0 * x1) + (p1 * (x1 ^ 2)))),"{""p0"": 0.344889440088116, ""p1"": -0.02353632195627883}",12,0.005604802473820857,True
XFER-PERM-01,permeability,1936607229,conditional_space_filling,portfolio_df4732599cf83408,fit_feedback_llm,M_base(x) + (p0 * tanh(((p1 * x1) + (p2 * (x1 ^ 2))))),"{""p0"": 0.3394643246188232, ""p1"": -0.9065470471481165, ""p2"": 0.1537411033170291}",12,0.006028956347501959,False
XFER-PERM-01,permeability,1936607229,evidence_guided_predictive_disagreement,portfolio_c1f71f1dc5d1b411,fit_feedback_llm,M_base(x) * (1 / (1 + (p0 * x1) + (p1 * (x1 ^ 2)))),"{""p0"": 0.344889440088116, ""p1"": -0.02353632195627883}",12,0.005604802473820857,True
XFER-PERM-01,permeability,1936607229,evidence_guided_predictive_disagreement,portfolio_df4732599cf83408,fit_feedback_llm,M_base(x) + (p0 * tanh(((p1 * x1) + (p2 * (x1 ^ 2))))),"{""p0"": 0.3394643246188232, ""p1"": -0.9065470471481165, ""p2"": 0.1537411033170291}",12,0.006028956347501959,False
XFER-CYCLIC-01,cyclic_damage,1936607229,no_acquisition,portfolio_e5c76560a5eca862,pysr,M_base(x) + (x2 * x2 * x1 * tanh(x1) * pysr_coefficient_1),"{""pysr_coefficient_1"": 0.04333644841005989}",7,0.0013767519478178453,True
XFER-CYCLIC-01,cyclic_damage,1936607229,no_acquisition,portfolio_1eeecc84be4e2073,pysr,M_base(x) + (x2 * pysr_coefficient_1 * (x1 ^ 0.376385) * x1 * x2),"{""pysr_coefficient_1"": 0.03260290935643122}",8,0.0014014477942024038,False
XFER-CYCLIC-01,cyclic_damage,1936607229,conditional_space_filling,portfolio_e5c76560a5eca862,pysr,M_base(x) + (x2 * x2 * x1 * tanh(x1) * pysr_coefficient_1),"{""pysr_coefficient_1"": 0.04333644841005989}",7,0.0013767519478178453,True
XFER-CYCLIC-01,cyclic_damage,1936607229,conditional_space_filling,portfolio_1eeecc84be4e2073,pysr,M_base(x) + (x2 * pysr_coefficient_1 * (x1 ^ 0.376385) * x1 * x2),"{""pysr_coefficient_1"": 0.03260290935643122}",8,0.0014014477942024038,False
XFER-CYCLIC-01,cyclic_damage,1936607229,evidence_guided_predictive_disagreement,portfolio_e5c76560a5eca862,pysr,M_base(x) + (x2 * x2 * x1 * tanh(x1) * pysr_coefficient_1),"{""pysr_coefficient_1"": 0.04333644841005989}",7,0.0013767519478178453,True
XFER-CYCLIC-01,cyclic_damage,1936607229,evidence_guided_predictive_disagreement,portfolio_1eeecc84be4e2073,pysr,M_base(x) + (x2 * pysr_coefficient_1 * (x1 ^ 0.376385) * x1 * x2),"{""pysr_coefficient_1"": 0.03260290935643122}",8,0.0014014477942024038,False
XFER-THERMAL-01,thermal_damage,1936607229,no_acquisition,portfolio_0381c7bec88c1b5a,fit_feedback_llm+pysr,M_base(x) + (x1 * x1 * pysr_coefficient_1),"{""pysr_coefficient_1"": -0.16469994956569436}",4,0.08491438369292381,True
XFER-THERMAL-01,thermal_damage,1936607229,no_acquisition,portfolio_30995989ca7f0896,fit_feedback_llm,M_base(x) + (p6 * (x1 ^ p7)),"{""p6"": -0.1683427417510541, ""p7"": 1.7734021190846547}",5,0.08866168865058635,False
XFER-THERMAL-01,thermal_damage,1936607229,no_acquisition,portfolio_cd1483d1eff34e3c,pysr,M_base(x) + ((x1 ^ 0.77279) * pysr_coefficient_1 * x1),"{""pysr_coefficient_1"": -0.16835121730256528}",6,0.08867406053785785,False
XFER-THERMAL-01,thermal_damage,1936607229,conditional_space_filling,portfolio_0381c7bec88c1b5a,fit_feedback_llm+pysr,M_base(x) + (x1 * x1 * pysr_coefficient_1),"{""pysr_coefficient_1"": -0.16469994956569436}",4,0.08491438369292381,True
XFER-THERMAL-01,thermal_damage,1936607229,conditional_space_filling,portfolio_30995989ca7f0896,fit_feedback_llm,M_base(x) + (p6 * (x1 ^ p7)),"{""p6"": -0.1683427417510541, ""p7"": 1.7734021190846547}",5,0.08866168865058635,False
XFER-THERMAL-01,thermal_damage,1936607229,conditional_space_filling,portfolio_cd1483d1eff34e3c,pysr,M_base(x) + ((x1 ^ 0.77279) * pysr_coefficient_1 * x1),"{""pysr_coefficient_1"": -0.16835121730256528}",6,0.08867406053785785,False
XFER-THERMAL-01,thermal_damage,1936607229,evidence_guided_predictive_disagreement,portfolio_0381c7bec88c1b5a,fit_feedback_llm+pysr,M_base(x) + (x1 * x1 * pysr_coefficient_1),"{""pysr_coefficient_1"": -0.16469994956569436}",4,0.08491438369292381,True
XFER-THERMAL-01,thermal_damage,1936607229,evidence_guided_predictive_disagreement,portfolio_30995989ca7f0896,fit_feedback_llm,M_base(x) + (p6 * (x1 ^ p7)),"{""p6"": -0.1683427417510541, ""p7"": 1.7734021190846547}",5,0.08866168865058635,False
XFER-THERMAL-01,thermal_damage,1936607229,evidence_guided_predictive_disagreement,portfolio_cd1483d1eff34e3c,pysr,M_base(x) + ((x1 ^ 0.77279) * pysr_coefficient_1 * x1),"{""pysr_coefficient_1"": -0.16835121730256528}",6,0.08867406053785785,False
XFER-CREEP-01,creep,2324701358,no_acquisition,portfolio_4e1478dd7a506e78,pysr,M_base(x) + (x2 * pysr_coefficient_1 * sin(tanh(tanh(tanh((x1 ^ 0.889085)))))),"{""pysr_coefficient_1"": 0.3720565060272215}",10,0.0019920783251450628,True
XFER-CREEP-01,creep,2324701358,no_acquisition,portfolio_bae4c7290c8ec661,pysr,M_base(x) + (x2 * tanh(tanh((pysr_coefficient_1 * (((x1 + pysr_coefficient_2) ^ 1.41139) ^ -1)))) * x1),"{""pysr_coefficient_1"": 0.4599128795376053, ""pysr_coefficient_2"": 0.7675663481531052}",14,0.0020598127065944104,False
XFER-CREEP-01,creep,2324701358,conditional_space_filling,portfolio_4e1478dd7a506e78,pysr,M_base(x) + (x2 * pysr_coefficient_1 * sin(tanh(tanh(tanh((x1 ^ 0.889085)))))),"{""pysr_coefficient_1"": 0.3720565060272215}",10,0.0019920783251450628,True
XFER-CREEP-01,creep,2324701358,conditional_space_filling,portfolio_bae4c7290c8ec661,pysr,M_base(x) + (x2 * tanh(tanh((pysr_coefficient_1 * (((x1 + pysr_coefficient_2) ^ 1.41139) ^ -1)))) * x1),"{""pysr_coefficient_1"": 0.4599128795376053, ""pysr_coefficient_2"": 0.7675663481531052}",14,0.0020598127065944104,False
XFER-CREEP-01,creep,2324701358,evidence_guided_predictive_disagreement,portfolio_4e1478dd7a506e78,pysr,M_base(x) + (x2 * pysr_coefficient_1 * sin(tanh(tanh(tanh((x1 ^ 0.889085)))))),"{""pysr_coefficient_1"": 0.3720565060272215}",10,0.0019920783251450628,True
XFER-CREEP-01,creep,2324701358,evidence_guided_predictive_disagreement,portfolio_bae4c7290c8ec661,pysr,M_base(x) + (x2 * tanh(tanh((pysr_coefficient_1 * (((x1 + pysr_coefficient_2) ^ 1.41139) ^ -1)))) * x1),"{""pysr_coefficient_1"": 0.4599128795376053, ""pysr_coefficient_2"": 0.7675663481531052}",14,0.0020598127065944104,False
XFER-PERM-01,permeability,2324701358,no_acquisition,portfolio_e5a1a7adc89df9d7,fit_feedback_llm,M_base(x) + (a6 * (exp(-((b3 * x1))) - 1)),"{""a6"": 0.325691634877867, ""b3"": 1.0560135527028969}",9,0.00820115843437163,True
XFER-PERM-01,permeability,2324701358,no_acquisition,portfolio_2604fb8e12d2c203,pysr,M_base(x) + (tanh(tanh(tanh(tanh((x1 * (pysr_coefficient_1 ^ -1)))))) * pysr_coefficient_2),"{""pysr_coefficient_1"": 1.947875561402384, ""pysr_coefficient_2"": -0.551208456182378}",11,0.009058597484245921,False
XFER-PERM-01,permeability,2324701358,no_acquisition,portfolio_4ba05cec01b37432,pysr,M_base(x) + ((((x1 ^ 0.398842) * tanh(x1)) ^ 0.595438) * pysr_coefficient_1),"{""pysr_coefficient_1"": -0.2487933867048807}",10,0.008509081668281238,False
XFER-PERM-01,permeability,2324701358,conditional_space_filling,portfolio_e5a1a7adc89df9d7,fit_feedback_llm,M_base(x) + (a6 * (exp(-((b3 * x1))) - 1)),"{""a6"": 0.325691634877867, ""b3"": 1.0560135527028969}",9,0.00820115843437163,True
XFER-PERM-01,permeability,2324701358,conditional_space_filling,portfolio_2604fb8e12d2c203,pysr,M_base(x) + (tanh(tanh(tanh(tanh((x1 * (pysr_coefficient_1 ^ -1)))))) * pysr_coefficient_2),"{""pysr_coefficient_1"": 1.947875561402384, ""pysr_coefficient_2"": -0.551208456182378}",11,0.009058597484245921,False
XFER-PERM-01,permeability,2324701358,conditional_space_filling,portfolio_4ba05cec01b37432,pysr,M_base(x) + ((((x1 ^ 0.398842) * tanh(x1)) ^ 0.595438) * pysr_coefficient_1),"{""pysr_coefficient_1"": -0.2487933867048807}",10,0.008509081668281238,False
XFER-PERM-01,permeability,2324701358,evidence_guided_predictive_disagreement,portfolio_e5a1a7adc89df9d7,fit_feedback_llm,M_base(x) + (a6 * (exp(-((b3 * x1))) - 1)),"{""a6"": 0.325691634877867, ""b3"": 1.0560135527028969}",9,0.00820115843437163,True
XFER-PERM-01,permeability,2324701358,evidence_guided_predictive_disagreement,portfolio_2604fb8e12d2c203,pysr,M_base(x) + (tanh(tanh(tanh(tanh((x1 * (pysr_coefficient_1 ^ -1)))))) * pysr_coefficient_2),"{""pysr_coefficient_1"": 1.947875561402384, ""pysr_coefficient_2"": -0.551208456182378}",11,0.009058597484245921,False
XFER-PERM-01,permeability,2324701358,evidence_guided_predictive_disagreement,portfolio_4ba05cec01b37432,pysr,M_base(x) + ((((x1 ^ 0.398842) * tanh(x1)) ^ 0.595438) * pysr_coefficient_1),"{""pysr_coefficient_1"": -0.2487933867048807}",10,0.008509081668281238,False
XFER-CYCLIC-01,cyclic_damage,2324701358,no_acquisition,portfolio_9fa65cd6dc47629a,pysr,M_base(x) + (x1 * tanh((x2 * x2 * (pysr_coefficient_1 ^ -1))) * ((pysr_coefficient_2 * (tanh((x1 + pysr_coefficient_3)) ^ -1)) ^ -1) * pysr_coefficient_4),"{""pysr_coefficient_1"": -3.20397701188106, ""pysr_coefficient_2"": -1.4681545418302335, ""pysr_coefficient_3"": 0.05995744745294579, ""pysr_coefficient_4"": 0.20622403266487785}",20,0.0024545325256572752,True
XFER-CYCLIC-01,cyclic_damage,2324701358,conditional_space_filling,portfolio_9fa65cd6dc47629a,pysr,M_base(x) + (x1 * tanh((x2 * x2 * (pysr_coefficient_1 ^ -1))) * ((pysr_coefficient_2 * (tanh((x1 + pysr_coefficient_3)) ^ -1)) ^ -1) * pysr_coefficient_4),"{""pysr_coefficient_1"": -3.20397701188106, ""pysr_coefficient_2"": -1.4681545418302335, ""pysr_coefficient_3"": 0.05995744745294579, ""pysr_coefficient_4"": 0.20622403266487785}",20,0.0024545325256572752,True
XFER-CYCLIC-01,cyclic_damage,2324701358,evidence_guided_predictive_disagreement,portfolio_9fa65cd6dc47629a,pysr,M_base(x) + (x1 * tanh((x2 * x2 * (pysr_coefficient_1 ^ -1))) * ((pysr_coefficient_2 * (tanh((x1 + pysr_coefficient_3)) ^ -1)) ^ -1) * pysr_coefficient_4),"{""pysr_coefficient_1"": -3.20397701188106, ""pysr_coefficient_2"": -1.4681545418302335, ""pysr_coefficient_3"": 0.05995744745294579, ""pysr_coefficient_4"": 0.20622403266487785}",20,0.0024545325256572752,True
XFER-THERMAL-01,thermal_damage,2324701358,no_acquisition,portfolio_bd8afc473c872934,pysr,M_base(x) + (pysr_coefficient_1 * (x1 ^ 2) * exp((-1 * tanh((pysr_coefficient_2 * x2))))),"{""pysr_coefficient_1"": -0.27546044953619375, ""pysr_coefficient_2"": 0.7346653034823944}",12,0.006191418535213191,True
XFER-THERMAL-01,thermal_damage,2324701358,no_acquisition,portfolio_0290bc9d55912383,pysr,M_base(x) + (pysr_coefficient_1 * (x1 ^ 2) * exp((pysr_coefficient_2 * (x2 ^ 2))) * exp((pysr_coefficient_3 * x2))),"{""pysr_coefficient_1"": -0.27617434474380453, ""pysr_coefficient_2"": 0.14809211021059604, ""pysr_coefficient_3"": -0.7762987516186891}",15,0.005694925229433674,False
XFER-THERMAL-01,thermal_damage,2324701358,conditional_space_filling,portfolio_bd8afc473c872934,pysr,M_base(x) + (pysr_coefficient_1 * (x1 ^ 2) * exp((-1 * tanh((pysr_coefficient_2 * x2))))),"{""pysr_coefficient_1"": -0.27546044953619375, ""pysr_coefficient_2"": 0.7346653034823944}",12,0.006191418535213191,True
XFER-THERMAL-01,thermal_damage,2324701358,conditional_space_filling,portfolio_0290bc9d55912383,pysr,M_base(x) + (pysr_coefficient_1 * (x1 ^ 2) * exp((pysr_coefficient_2 * (x2 ^ 2))) * exp((pysr_coefficient_3 * x2))),"{""pysr_coefficient_1"": -0.27617434474380453, ""pysr_coefficient_2"": 0.14809211021059604, ""pysr_coefficient_3"": -0.7762987516186891}",15,0.005694925229433674,False
XFER-THERMAL-01,thermal_damage,2324701358,evidence_guided_predictive_disagreement,portfolio_bd8afc473c872934,pysr,M_base(x) + (pysr_coefficient_1 * (x1 ^ 2) * exp((-1 * tanh((pysr_coefficient_2 * x2))))),"{""pysr_coefficient_1"": -0.27546044953619375, ""pysr_coefficient_2"": 0.7346653034823944}",12,0.006191418535213191,True
XFER-THERMAL-01,thermal_damage,2324701358,evidence_guided_predictive_disagreement,portfolio_0290bc9d55912383,pysr,M_base(x) + (pysr_coefficient_1 * (x1 ^ 2) * exp((pysr_coefficient_2 * (x2 ^ 2))) * exp((pysr_coefficient_3 * x2))),"{""pysr_coefficient_1"": -0.27617434474380453, ""pysr_coefficient_2"": 0.14809211021059604, ""pysr_coefficient_3"": -0.7762987516186891}",15,0.005694925229433674,False
XFER-CREEP-01,creep,1090645961,no_acquisition,portfolio_edacc189fb2b2ab3,pysr,M_base(x) + (tanh((x1 + tanh(tanh(tanh(tanh(x1)))))) * pysr_coefficient_1 * x2),"{""pysr_coefficient_1"": 0.2206386973851392}",11,0.0021605839492927566,True
XFER-CREEP-01,creep,1090645961,conditional_space_filling,portfolio_edacc189fb2b2ab3,pysr,M_base(x) + (tanh((x1 + tanh(tanh(tanh(tanh(x1)))))) * pysr_coefficient_1 * x2),"{""pysr_coefficient_1"": 0.2206386973851392}",11,0.0021605839492927566,True
XFER-CREEP-01,creep,1090645961,evidence_guided_predictive_disagreement,portfolio_edacc189fb2b2ab3,pysr,M_base(x) + (tanh((x1 + tanh(tanh(tanh(tanh(x1)))))) * pysr_coefficient_1 * x2),"{""pysr_coefficient_1"": 0.2206386973851392}",11,0.0021605839492927566,True
XFER-PERM-01,permeability,1090645961,no_acquisition,portfolio_d5e1fd2bfa25d18e,pysr,M_base(x) + (((x1 ^ 1.17085) * pysr_coefficient_1) + (-1 * x1) + (-1 * (x1 * pysr_coefficient_2))),"{""pysr_coefficient_1"": 0.5546409811418893, ""pysr_coefficient_2"": -0.23336323599612463}",14,0.007535155818100848,True
XFER-PERM-01,permeability,1090645961,no_acquisition,portfolio_51f6ea9698fa88ba,fit_feedback_llm,M_base(x) + ((-1 * p0 * x1) / (1 + (p1 * x1) + (p2 * (x1 ^ 2)))),"{""p0"": 0.3817305080968187, ""p1"": 0.7512082021985619, ""p2"": 0.042770516110118895}",15,0.006778583820541854,False
XFER-PERM-01,permeability,1090645961,no_acquisition,portfolio_cd57c03a63671a6f,pysr,M_base(x) + tanh(((x1 ^ 1.09879) + (-1 * x1) + (-1 * ((x1 + (-1 * pysr_coefficient_1)) * pysr_coefficient_2)))),"{""pysr_coefficient_1"": 0.02021210796653874, ""pysr_coefficient_2"": 0.21974719238553583}",17,0.00758410667589435,False
XFER-PERM-01,permeability,1090645961,conditional_space_filling,portfolio_d5e1fd2bfa25d18e,pysr,M_base(x) + (((x1 ^ 1.17085) * pysr_coefficient_1) + (-1 * x1) + (-1 * (x1 * pysr_coefficient_2))),"{""pysr_coefficient_1"": 0.5546409811418893, ""pysr_coefficient_2"": -0.23336323599612463}",14,0.007535155818100848,True
XFER-PERM-01,permeability,1090645961,conditional_space_filling,portfolio_51f6ea9698fa88ba,fit_feedback_llm,M_base(x) + ((-1 * p0 * x1) / (1 + (p1 * x1) + (p2 * (x1 ^ 2)))),"{""p0"": 0.3817305080968187, ""p1"": 0.7512082021985619, ""p2"": 0.042770516110118895}",15,0.006778583820541854,False
XFER-PERM-01,permeability,1090645961,conditional_space_filling,portfolio_cd57c03a63671a6f,pysr,M_base(x) + tanh(((x1 ^ 1.09879) + (-1 * x1) + (-1 * ((x1 + (-1 * pysr_coefficient_1)) * pysr_coefficient_2)))),"{""pysr_coefficient_1"": 0.02021210796653874, ""pysr_coefficient_2"": 0.21974719238553583}",17,0.00758410667589435,False
XFER-PERM-01,permeability,1090645961,evidence_guided_predictive_disagreement,portfolio_d5e1fd2bfa25d18e,pysr,M_base(x) + (((x1 ^ 1.17085) * pysr_coefficient_1) + (-1 * x1) + (-1 * (x1 * pysr_coefficient_2))),"{""pysr_coefficient_1"": 0.5546409811418893, ""pysr_coefficient_2"": -0.23336323599612463}",14,0.007535155818100848,True
XFER-PERM-01,permeability,1090645961,evidence_guided_predictive_disagreement,portfolio_51f6ea9698fa88ba,fit_feedback_llm,M_base(x) + ((-1 * p0 * x1) / (1 + (p1 * x1) + (p2 * (x1 ^ 2)))),"{""p0"": 0.3817305080968187, ""p1"": 0.7512082021985619, ""p2"": 0.042770516110118895}",15,0.006778583820541854,False
XFER-PERM-01,permeability,1090645961,evidence_guided_predictive_disagreement,portfolio_cd57c03a63671a6f,pysr,M_base(x) + tanh(((x1 ^ 1.09879) + (-1 * x1) + (-1 * ((x1 + (-1 * pysr_coefficient_1)) * pysr_coefficient_2)))),"{""pysr_coefficient_1"": 0.02021210796653874, ""pysr_coefficient_2"": 0.21974719238553583}",17,0.00758410667589435,False
XFER-CYCLIC-01,cyclic_damage,1090645961,no_acquisition,portfolio_f71c6ac9695309a2,pysr,M_base(x) + (tanh(((x1 + ((x1 + pysr_coefficient_1) * pysr_coefficient_2)) * pysr_coefficient_3)) * pysr_coefficient_4 * x2 * (x1 + x1) * x2),"{""pysr_coefficient_1"": -0.6510108939071999, ""pysr_coefficient_2"": -0.26863108611960657, ""pysr_coefficient_3"": -1.0476822883281605, ""pysr_coefficient_4"": -0.022583007497379407}",17,0.00133145422371629,True
XFER-CYCLIC-01,cyclic_damage,1090645961,no_acquisition,portfolio_b875c686321a84d9,pysr,M_base(x) + (tanh((((pysr_coefficient_1 * (x1 + sin(x2))) + x1) * pysr_coefficient_2)) * pysr_coefficient_3 * x2 * x2 * (x1 + x1)),"{""pysr_coefficient_1"": 0.37880264852199663, ""pysr_coefficient_2"": -0.5667571453887509, ""pysr_coefficient_3"": -0.02252039067751086}",18,0.0012916600948574923,False
XFER-CYCLIC-01,cyclic_damage,1090645961,conditional_space_filling,portfolio_f71c6ac9695309a2,pysr,M_base(x) + (tanh(((x1 + ((x1 + pysr_coefficient_1) * pysr_coefficient_2)) * pysr_coefficient_3)) * pysr_coefficient_4 * x2 * (x1 + x1) * x2),"{""pysr_coefficient_1"": -0.6510108939071999, ""pysr_coefficient_2"": -0.26863108611960657, ""pysr_coefficient_3"": -1.0476822883281605, ""pysr_coefficient_4"": -0.022583007497379407}",17,0.00133145422371629,True
XFER-CYCLIC-01,cyclic_damage,1090645961,conditional_space_filling,portfolio_b875c686321a84d9,pysr,M_base(x) + (tanh((((pysr_coefficient_1 * (x1 + sin(x2))) + x1) * pysr_coefficient_2)) * pysr_coefficient_3 * x2 * x2 * (x1 + x1)),"{""pysr_coefficient_1"": 0.37880264852199663, ""pysr_coefficient_2"": -0.5667571453887509, ""pysr_coefficient_3"": -0.02252039067751086}",18,0.0012916600948574923,False
XFER-CYCLIC-01,cyclic_damage,1090645961,evidence_guided_predictive_disagreement,portfolio_f71c6ac9695309a2,pysr,M_base(x) + (tanh(((x1 + ((x1 + pysr_coefficient_1) * pysr_coefficient_2)) * pysr_coefficient_3)) * pysr_coefficient_4 * x2 * (x1 + x1) * x2),"{""pysr_coefficient_1"": -0.6510108939071999, ""pysr_coefficient_2"": -0.26863108611960657, ""pysr_coefficient_3"": -1.0476822883281605, ""pysr_coefficient_4"": -0.022583007497379407}",17,0.00133145422371629,True
XFER-CYCLIC-01,cyclic_damage,1090645961,evidence_guided_predictive_disagreement,portfolio_b875c686321a84d9,pysr,M_base(x) + (tanh((((pysr_coefficient_1 * (x1 + sin(x2))) + x1) * pysr_coefficient_2)) * pysr_coefficient_3 * x2 * x2 * (x1 + x1)),"{""pysr_coefficient_1"": 0.37880264852199663, ""pysr_coefficient_2"": -0.5667571453887509, ""pysr_coefficient_3"": -0.02252039067751086}",18,0.0012916600948574923,False
XFER-THERMAL-01,thermal_damage,1090645961,no_acquisition,portfolio_8c893d74095a35d3,pysr,M_base(x) + (x1 * (sin((x2 * (pysr_coefficient_1 ^ -1))) + pysr_coefficient_2) * pysr_coefficient_3 * x1),"{""pysr_coefficient_1"": 0.9708646082025554, ""pysr_coefficient_2"": -1.859839127827817, ""pysr_coefficient_3"": 0.14397237762250117}",12,0.00687063186733314,True
XFER-THERMAL-01,thermal_damage,1090645961,conditional_space_filling,portfolio_8c893d74095a35d3,pysr,M_base(x) + (x1 * (sin((x2 * (pysr_coefficient_1 ^ -1))) + pysr_coefficient_2) * pysr_coefficient_3 * x1),"{""pysr_coefficient_1"": 0.9708646082025554, ""pysr_coefficient_2"": -1.859839127827817, ""pysr_coefficient_3"": 0.14397237762250117}",12,0.00687063186733314,True
XFER-THERMAL-01,thermal_damage,1090645961,evidence_guided_predictive_disagreement,portfolio_8c893d74095a35d3,pysr,M_base(x) + (x1 * (sin((x2 * (pysr_coefficient_1 ^ -1))) + pysr_coefficient_2) * pysr_coefficient_3 * x1),"{""pysr_coefficient_1"": 0.9708646082025554, ""pysr_coefficient_2"": -1.859839127827817, ""pysr_coefficient_3"": 0.14397237762250117}",12,0.00687063186733314,True
XFER-CREEP-01,creep,2164999260,no_acquisition,portfolio_6357bd811dd86672,fit_feedback_llm,M_base(x) + (p0 * x2 * tanh((p1 * (x1 ^ p2)))),"{""p0"": -0.2193163714483744, ""p1"": -1.5399252204067284, ""p2"": 0.8289344621196726}",9,0.0023535901928817037,True
XFER-CREEP-01,creep,2164999260,no_acquisition,portfolio_5cdb20b83456c0c1,fit_feedback_llm,M_base(x) + (c2 * (x2 ^ m2) * (1 - exp(-((k2 * x1))))),"{""c2"": 0.2194523353107375, ""k2"": 2.4127256615348536, ""m2"": 0.9995980700566143}",12,0.002002375166243906,False
XFER-CREEP-01,creep,2164999260,conditional_space_filling,portfolio_6357bd811dd86672,fit_feedback_llm,M_base(x) + (p0 * x2 * tanh((p1 * (x1 ^ p2)))),"{""p0"": -0.2193163714483744, ""p1"": -1.5399252204067284, ""p2"": 0.8289344621196726}",9,0.0023535901928817037,True
XFER-CREEP-01,creep,2164999260,conditional_space_filling,portfolio_5cdb20b83456c0c1,fit_feedback_llm,M_base(x) + (c2 * (x2 ^ m2) * (1 - exp(-((k2 * x1))))),"{""c2"": 0.2194523353107375, ""k2"": 2.4127256615348536, ""m2"": 0.9995980700566143}",12,0.002002375166243906,False
XFER-CREEP-01,creep,2164999260,evidence_guided_predictive_disagreement,portfolio_6357bd811dd86672,fit_feedback_llm,M_base(x) + (p0 * x2 * tanh((p1 * (x1 ^ p2)))),"{""p0"": -0.2193163714483744, ""p1"": -1.5399252204067284, ""p2"": 0.8289344621196726}",9,0.0023535901928817037,True
XFER-CREEP-01,creep,2164999260,evidence_guided_predictive_disagreement,portfolio_5cdb20b83456c0c1,fit_feedback_llm,M_base(x) + (c2 * (x2 ^ m2) * (1 - exp(-((k2 * x1))))),"{""c2"": 0.2194523353107375, ""k2"": 2.4127256615348536, ""m2"": 0.9995980700566143}",12,0.002002375166243906,False
XFER-PERM-01,permeability,2164999260,no_acquisition,portfolio_ed7508e8a47eec24,pysr,M_base(x) + (tanh(x1) * pysr_coefficient_1),"{""pysr_coefficient_1"": -0.28803852429549837}",4,0.005948658565881227,True
XFER-PERM-01,permeability,2164999260,no_acquisition,portfolio_5af9cf6f12b50eff,pysr,M_base(x) + (tanh(((x1 * pysr_coefficient_1) + pysr_coefficient_2)) * pysr_coefficient_3),"{""pysr_coefficient_1"": -0.9011597234439982, ""pysr_coefficient_2"": -0.02435013866467342, ""pysr_coefficient_3"": 0.2963333690664618}",8,0.005881709442093742,False
XFER-PERM-01,permeability,2164999260,conditional_space_filling,portfolio_ed7508e8a47eec24,pysr,M_base(x) + (tanh(x1) * pysr_coefficient_1),"{""pysr_coefficient_1"": -0.28803852429549837}",4,0.005948658565881227,True
XFER-PERM-01,permeability,2164999260,conditional_space_filling,portfolio_5af9cf6f12b50eff,pysr,M_base(x) + (tanh(((x1 * pysr_coefficient_1) + pysr_coefficient_2)) * pysr_coefficient_3),"{""pysr_coefficient_1"": -0.9011597234439982, ""pysr_coefficient_2"": -0.02435013866467342, ""pysr_coefficient_3"": 0.2963333690664618}",8,0.005881709442093742,False
XFER-PERM-01,permeability,2164999260,evidence_guided_predictive_disagreement,portfolio_ed7508e8a47eec24,pysr,M_base(x) + (tanh(x1) * pysr_coefficient_1),"{""pysr_coefficient_1"": -0.28803852429549837}",4,0.005948658565881227,True
XFER-PERM-01,permeability,2164999260,evidence_guided_predictive_disagreement,portfolio_5af9cf6f12b50eff,pysr,M_base(x) + (tanh(((x1 * pysr_coefficient_1) + pysr_coefficient_2)) * pysr_coefficient_3),"{""pysr_coefficient_1"": -0.9011597234439982, ""pysr_coefficient_2"": -0.02435013866467342, ""pysr_coefficient_3"": 0.2963333690664618}",8,0.005881709442093742,False
XFER-CYCLIC-01,cyclic_damage,2164999260,no_acquisition,portfolio_051605aaaff8eac3,fit_feedback_llm,M_base(x) + (p0 * (x1 ^ p1) * (x2 ^ p2)),"{""p0"": 0.032158103397371754, ""p1"": 1.3865740367606454, ""p2"": 2.00038564028089}",8,0.0016542591764892283,True
XFER-CYCLIC-01,cyclic_damage,2164999260,conditional_space_filling,portfolio_051605aaaff8eac3,fit_feedback_llm,M_base(x) + (p0 * (x1 ^ p1) * (x2 ^ p2)),"{""p0"": 0.032158103397371754, ""p1"": 1.3865740367606454, ""p2"": 2.00038564028089}",8,0.0016542591764892283,True
XFER-CYCLIC-01,cyclic_damage,2164999260,evidence_guided_predictive_disagreement,portfolio_051605aaaff8eac3,fit_feedback_llm,M_base(x) + (p0 * (x1 ^ p1) * (x2 ^ p2)),"{""p0"": 0.032158103397371754, ""p1"": 1.3865740367606454, ""p2"": 2.00038564028089}",8,0.0016542591764892283,True
XFER-THERMAL-01,thermal_damage,2164999260,no_acquisition,portfolio_d8bdcedcaba5de17,pysr,M_base(x) + (x1 * x1 * ((x2 * pysr_coefficient_1) + (-1 * pysr_coefficient_2))),"{""pysr_coefficient_1"": 0.09717525884798882, ""pysr_coefficient_2"": 0.24935916673302522}",10,0.009926727613422136,True
XFER-THERMAL-01,thermal_damage,2164999260,no_acquisition,portfolio_88e207e5ce3edf40,pysr,M_base(x) + (x1 * (tanh((pysr_coefficient_1 * x2)) + (-1 * pysr_coefficient_2)) * x1),"{""pysr_coefficient_1"": 0.09798024667865227, ""pysr_coefficient_2"": 0.2496997381471733}",11,0.009845214882922072,False
XFER-THERMAL-01,thermal_damage,2164999260,conditional_space_filling,portfolio_d8bdcedcaba5de17,pysr,M_base(x) + (x1 * x1 * ((x2 * pysr_coefficient_1) + (-1 * pysr_coefficient_2))),"{""pysr_coefficient_1"": 0.09717525884798882, ""pysr_coefficient_2"": 0.24935916673302522}",10,0.009926727613422136,True
XFER-THERMAL-01,thermal_damage,2164999260,conditional_space_filling,portfolio_88e207e5ce3edf40,pysr,M_base(x) + (x1 * (tanh((pysr_coefficient_1 * x2)) + (-1 * pysr_coefficient_2)) * x1),"{""pysr_coefficient_1"": 0.09798024667865227, ""pysr_coefficient_2"": 0.2496997381471733}",11,0.009845214882922072,False
XFER-THERMAL-01,thermal_damage,2164999260,evidence_guided_predictive_disagreement,portfolio_d8bdcedcaba5de17,pysr,M_base(x) + (x1 * x1 * ((x2 * pysr_coefficient_1) + (-1 * pysr_coefficient_2))),"{""pysr_coefficient_1"": 0.09717525884798882, ""pysr_coefficient_2"": 0.24935916673302522}",10,0.009926727613422136,True
XFER-THERMAL-01,thermal_damage,2164999260,evidence_guided_predictive_disagreement,portfolio_88e207e5ce3edf40,pysr,M_base(x) + (x1 * (tanh((pysr_coefficient_1 * x2)) + (-1 * pysr_coefficient_2)) * x1),"{""pysr_coefficient_1"": 0.09798024667865227, ""pysr_coefficient_2"": 0.2496997381471733}",11,0.009845214882922072,False
XFER-CREEP-01,creep,3799979468,no_acquisition,portfolio_c7ef84498d9b01a6,pysr,M_base(x) + ((pysr_coefficient_1 * x1 * x2) / (pysr_coefficient_2 + (pysr_coefficient_3 * x1))),"{""pysr_coefficient_1"": 0.3044495526177378, ""pysr_coefficient_2"": 0.43614340338228497, ""pysr_coefficient_3"": 1.127669218763799}",10,0.0051774376648685005,True
XFER-CREEP-01,creep,3799979468,conditional_space_filling,portfolio_c7ef84498d9b01a6,pysr,M_base(x) + ((pysr_coefficient_1 * x1 * x2) / (pysr_coefficient_2 + (pysr_coefficient_3 * x1))),"{""pysr_coefficient_1"": 0.3044495526177378, ""pysr_coefficient_2"": 0.43614340338228497, ""pysr_coefficient_3"": 1.127669218763799}",10,0.0051774376648685005,True
XFER-CREEP-01,creep,3799979468,evidence_guided_predictive_disagreement,portfolio_c7ef84498d9b01a6,pysr,M_base(x) + ((pysr_coefficient_1 * x1 * x2) / (pysr_coefficient_2 + (pysr_coefficient_3 * x1))),"{""pysr_coefficient_1"": 0.3044495526177378, ""pysr_coefficient_2"": 0.43614340338228497, ""pysr_coefficient_3"": 1.127669218763799}",10,0.0051774376648685005,True
XFER-PERM-01,permeability,3799979468,no_acquisition,portfolio_b347cb206c3d2b52,fit_feedback_llm,M_base(x) + (p0 * (x1 ^ p1) * exp((p2 * x1))),"{""p0"": -0.2909336278007685, ""p1"": 0.8938482916793412, ""p2"": -0.32123326282239223}",9,0.007284744259839349,True
XFER-PERM-01,permeability,3799979468,no_acquisition,portfolio_961325f16f63125b,pysr,M_base(x) + (pysr_coefficient_1 * tanh((pysr_coefficient_2 * x1 * log(tanh(((pysr_coefficient_3 + x1) ^ 0.35667)))))),"{""pysr_coefficient_1"": -0.6240868194534472, ""pysr_coefficient_2"": -2.7477396781053818, ""pysr_coefficient_3"": 1.4364800698625688}",13,0.007064800058760257,False
XFER-PERM-01,permeability,3799979468,no_acquisition,portfolio_98aca98ae002521f,fit_feedback_llm,M_base(x) + (p0 * (1 - exp((p1 * x1))) * exp((p2 * x1))),"{""p0"": 0.2763469705699638, ""p1"": 1.2861748701816407, ""p2"": -1.2313450377016182}",12,0.007130988915881755,False
XFER-PERM-01,permeability,3799979468,conditional_space_filling,portfolio_b347cb206c3d2b52,fit_feedback_llm,M_base(x) + (p0 * (x1 ^ p1) * exp((p2 * x1))),"{""p0"": -0.2909336278007685, ""p1"": 0.8938482916793412, ""p2"": -0.32123326282239223}",9,0.007284744259839349,True
XFER-PERM-01,permeability,3799979468,conditional_space_filling,portfolio_961325f16f63125b,pysr,M_base(x) + (pysr_coefficient_1 * tanh((pysr_coefficient_2 * x1 * log(tanh(((pysr_coefficient_3 + x1) ^ 0.35667)))))),"{""pysr_coefficient_1"": -0.6240868194534472, ""pysr_coefficient_2"": -2.7477396781053818, ""pysr_coefficient_3"": 1.4364800698625688}",13,0.007064800058760257,False
XFER-PERM-01,permeability,3799979468,conditional_space_filling,portfolio_98aca98ae002521f,fit_feedback_llm,M_base(x) + (p0 * (1 - exp((p1 * x1))) * exp((p2 * x1))),"{""p0"": 0.2763469705699638, ""p1"": 1.2861748701816407, ""p2"": -1.2313450377016182}",12,0.007130988915881755,False
XFER-PERM-01,permeability,3799979468,evidence_guided_predictive_disagreement,portfolio_b347cb206c3d2b52,fit_feedback_llm,M_base(x) + (p0 * (x1 ^ p1) * exp((p2 * x1))),"{""p0"": -0.2909336278007685, ""p1"": 0.8938482916793412, ""p2"": -0.32123326282239223}",9,0.007284744259839349,True
XFER-PERM-01,permeability,3799979468,evidence_guided_predictive_disagreement,portfolio_961325f16f63125b,pysr,M_base(x) + (pysr_coefficient_1 * tanh((pysr_coefficient_2 * x1 * log(tanh(((pysr_coefficient_3 + x1) ^ 0.35667)))))),"{""pysr_coefficient_1"": -0.6240868194534472, ""pysr_coefficient_2"": -2.7477396781053818, ""pysr_coefficient_3"": 1.4364800698625688}",13,0.007064800058760257,False
XFER-PERM-01,permeability,3799979468,evidence_guided_predictive_disagreement,portfolio_98aca98ae002521f,fit_feedback_llm,M_base(x) + (p0 * (1 - exp((p1 * x1))) * exp((p2 * x1))),"{""p0"": 0.2763469705699638, ""p1"": 1.2861748701816407, ""p2"": -1.2313450377016182}",12,0.007130988915881755,False
XFER-CYCLIC-01,cyclic_damage,3799979468,no_acquisition,portfolio_e5c76560a5eca862,pysr,M_base(x) + (x2 * x2 * pysr_coefficient_1 * tanh(x1) * x1),"{""pysr_coefficient_1"": 0.04290125681264601}",7,0.0017431007056088398,True
XFER-CYCLIC-01,cyclic_damage,3799979468,no_acquisition,portfolio_2df291ec35854c0f,pysr,M_base(x) + (x2 * x2 * tanh(x1) * tanh((x1 * pysr_coefficient_1))),"{""pysr_coefficient_1"": 0.04298073016089953}",9,0.00173627286006209,False
XFER-CYCLIC-01,cyclic_damage,3799979468,no_acquisition,portfolio_c1cc79727baf4634,pysr,M_base(x) + (x2 * x1 * (tanh(x1) + pysr_coefficient_1) * pysr_coefficient_2 * x2),"{""pysr_coefficient_1"": 0.1761223864016295, ""pysr_coefficient_2"": 0.035831985075191565}",9,0.0017154201107837989,False
XFER-CYCLIC-01,cyclic_damage,3799979468,conditional_space_filling,portfolio_e5c76560a5eca862,pysr,M_base(x) + (x2 * x2 * pysr_coefficient_1 * tanh(x1) * x1),"{""pysr_coefficient_1"": 0.04290125681264601}",7,0.0017431007056088398,True
XFER-CYCLIC-01,cyclic_damage,3799979468,conditional_space_filling,portfolio_2df291ec35854c0f,pysr,M_base(x) + (x2 * x2 * tanh(x1) * tanh((x1 * pysr_coefficient_1))),"{""pysr_coefficient_1"": 0.04298073016089953}",9,0.00173627286006209,False
XFER-CYCLIC-01,cyclic_damage,3799979468,conditional_space_filling,portfolio_c1cc79727baf4634,pysr,M_base(x) + (x2 * x1 * (tanh(x1) + pysr_coefficient_1) * pysr_coefficient_2 * x2),"{""pysr_coefficient_1"": 0.1761223864016295, ""pysr_coefficient_2"": 0.035831985075191565}",9,0.0017154201107837989,False
XFER-CYCLIC-01,cyclic_damage,3799979468,evidence_guided_predictive_disagreement,portfolio_e5c76560a5eca862,pysr,M_base(x) + (x2 * x2 * pysr_coefficient_1 * tanh(x1) * x1),"{""pysr_coefficient_1"": 0.04290125681264601}",7,0.0017431007056088398,True
XFER-CYCLIC-01,cyclic_damage,3799979468,evidence_guided_predictive_disagreement,portfolio_2df291ec35854c0f,pysr,M_base(x) + (x2 * x2 * tanh(x1) * tanh((x1 * pysr_coefficient_1))),"{""pysr_coefficient_1"": 0.04298073016089953}",9,0.00173627286006209,False
XFER-CYCLIC-01,cyclic_damage,3799979468,evidence_guided_predictive_disagreement,portfolio_c1cc79727baf4634,pysr,M_base(x) + (x2 * x1 * (tanh(x1) + pysr_coefficient_1) * pysr_coefficient_2 * x2),"{""pysr_coefficient_1"": 0.1761223864016295, ""pysr_coefficient_2"": 0.035831985075191565}",9,0.0017154201107837989,False
XFER-THERMAL-01,thermal_damage,3799979468,no_acquisition,portfolio_87ef16c1f3c18d4b,pysr,M_base(x) + (x1 * x1 * exp((x2 * pysr_coefficient_1)) * pysr_coefficient_2),"{""pysr_coefficient_1"": -0.5721545158122705, ""pysr_coefficient_2"": -0.2633034674469816}",8,0.011103263742034014,True
XFER-THERMAL-01,thermal_damage,3799979468,no_acquisition,portfolio_1c7c5db685137b08,pysr,M_base(x) + (((x1 * x1 * pysr_coefficient_1) + pysr_coefficient_2) * exp((x2 * pysr_coefficient_3)) * (pysr_coefficient_4 ^ -1)),"{""pysr_coefficient_1"": -0.45662023518100986, ""pysr_coefficient_2"": 0.00040437918614394397, ""pysr_coefficient_3"": -0.5721158467195739, ""pysr_coefficient_4"": 1.7329984301553134}",14,0.011102681000863625,False
XFER-THERMAL-01,thermal_damage,3799979468,no_acquisition,portfolio_5b9e6734a56b0f91,pysr,M_base(x) + (exp((x2 * pysr_coefficient_1)) * (pysr_coefficient_2 ^ -1) * x1 * x1 * pysr_coefficient_3),"{""pysr_coefficient_1"": -0.5721545156375267, ""pysr_coefficient_2"": 1.1263229265151855, ""pysr_coefficient_3"": -0.29656473198762223}",11,0.011103263739047155,False
XFER-THERMAL-01,thermal_damage,3799979468,conditional_space_filling,portfolio_87ef16c1f3c18d4b,pysr,M_base(x) + (x1 * x1 * exp((x2 * pysr_coefficient_1)) * pysr_coefficient_2),"{""pysr_coefficient_1"": -0.5721545158122705, ""pysr_coefficient_2"": -0.2633034674469816}",8,0.011103263742034014,True
XFER-THERMAL-01,thermal_damage,3799979468,conditional_space_filling,portfolio_1c7c5db685137b08,pysr,M_base(x) + (((x1 * x1 * pysr_coefficient_1) + pysr_coefficient_2) * exp((x2 * pysr_coefficient_3)) * (pysr_coefficient_4 ^ -1)),"{""pysr_coefficient_1"": -0.45662023518100986, ""pysr_coefficient_2"": 0.00040437918614394397, ""pysr_coefficient_3"": -0.5721158467195739, ""pysr_coefficient_4"": 1.7329984301553134}",14,0.011102681000863625,False
XFER-THERMAL-01,thermal_damage,3799979468,conditional_space_filling,portfolio_5b9e6734a56b0f91,pysr,M_base(x) + (exp((x2 * pysr_coefficient_1)) * (pysr_coefficient_2 ^ -1) * x1 * x1 * pysr_coefficient_3),"{""pysr_coefficient_1"": -0.5721545156375267, ""pysr_coefficient_2"": 1.1263229265151855, ""pysr_coefficient_3"": -0.29656473198762223}",11,0.011103263739047155,False
XFER-THERMAL-01,thermal_damage,3799979468,evidence_guided_predictive_disagreement,portfolio_87ef16c1f3c18d4b,pysr,M_base(x) + (x1 * x1 * exp((x2 * pysr_coefficient_1)) * pysr_coefficient_2),"{""pysr_coefficient_1"": -0.5721545158122705, ""pysr_coefficient_2"": -0.2633034674469816}",8,0.011103263742034014,True
XFER-THERMAL-01,thermal_damage,3799979468,evidence_guided_predictive_disagreement,portfolio_1c7c5db685137b08,pysr,M_base(x) + (((x1 * x1 * pysr_coefficient_1) + pysr_coefficient_2) * exp((x2 * pysr_coefficient_3)) * (pysr_coefficient_4 ^ -1)),"{""pysr_coefficient_1"": -0.45662023518100986, ""pysr_coefficient_2"": 0.00040437918614394397, ""pysr_coefficient_3"": -0.5721158467195739, ""pysr_coefficient_4"": 1.7329984301553134}",14,0.011102681000863625,False
XFER-THERMAL-01,thermal_damage,3799979468,evidence_guided_predictive_disagreement,portfolio_5b9e6734a56b0f91,pysr,M_base(x) + (exp((x2 * pysr_coefficient_1)) * (pysr_coefficient_2 ^ -1) * x1 * x1 * pysr_coefficient_3),"{""pysr_coefficient_1"": -0.5721545156375267, ""pysr_coefficient_2"": 1.1263229265151855, ""pysr_coefficient_3"": -0.29656473198762223}",11,0.011103263739047155,False
XFER-CREEP-01,creep,233033901,no_acquisition,portfolio_0836f312f112038f,fit_feedback_llm,M_base(x) + (a_exp * x2 * (1 - exp(-((b_exp * x1))))),"{""a_exp"": 0.2206531561373712, ""b_exp"": 2.381780875510672}",10,0.002557186067886649,True
XFER-CREEP-01,creep,233033901,conditional_space_filling,portfolio_0836f312f112038f,fit_feedback_llm,M_base(x) + (a_exp * x2 * (1 - exp(-((b_exp * x1))))),"{""a_exp"": 0.2206531561373712, ""b_exp"": 2.381780875510672}",10,0.002557186067886649,True
XFER-CREEP-01,creep,233033901,evidence_guided_predictive_disagreement,portfolio_0836f312f112038f,fit_feedback_llm,M_base(x) + (a_exp * x2 * (1 - exp(-((b_exp * x1))))),"{""a_exp"": 0.2206531561373712, ""b_exp"": 2.381780875510672}",10,0.002557186067886649,True
XFER-PERM-01,permeability,233033901,no_acquisition,portfolio_d2b632acfb9bb418,fit_feedback_llm,M_base(x) + -((p0 * tanh((p1 * (x1 ^ p2))))),"{""p0"": -0.30885318863516803, ""p1"": -0.8541398810210827, ""p2"": 0.8850854921282937}",9,0.005926025342714771,True
XFER-PERM-01,permeability,233033901,no_acquisition,portfolio_6efe5915cad181ea,fit_feedback_llm,M_base(x) + (((-1 * p0 * p1 * x1) + (-1 * p0 * p2 * (x1 ^ 2))) / (1 + (p1 * x1) + (p2 * (x1 ^ 2)))),"{""p0"": 0.34603455681950923, ""p1"": 0.9344823426369717, ""p2"": 0.686430025354807}",24,0.006063735649760979,False
XFER-PERM-01,permeability,233033901,no_acquisition,portfolio_d16d9b132484f7ca,fit_feedback_llm,M_base(x) * (exp(-((p0 * x1))) / (1 + (p1 * x1))),"{""p0"": -0.06653061996027786, ""p1"": 0.41145182459959717}",11,0.0060279589943328556,False
XFER-PERM-01,permeability,233033901,conditional_space_filling,portfolio_d2b632acfb9bb418,fit_feedback_llm,M_base(x) + -((p0 * tanh((p1 * (x1 ^ p2))))),"{""p0"": -0.30885318863516803, ""p1"": -0.8541398810210827, ""p2"": 0.8850854921282937}",9,0.005926025342714771,True
XFER-PERM-01,permeability,233033901,conditional_space_filling,portfolio_6efe5915cad181ea,fit_feedback_llm,M_base(x) + (((-1 * p0 * p1 * x1) + (-1 * p0 * p2 * (x1 ^ 2))) / (1 + (p1 * x1) + (p2 * (x1 ^ 2)))),"{""p0"": 0.34603455681950923, ""p1"": 0.9344823426369717, ""p2"": 0.686430025354807}",24,0.006063735649760979,False
XFER-PERM-01,permeability,233033901,conditional_space_filling,portfolio_d16d9b132484f7ca,fit_feedback_llm,M_base(x) * (exp(-((p0 * x1))) / (1 + (p1 * x1))),"{""p0"": -0.06653061996027786, ""p1"": 0.41145182459959717}",11,0.0060279589943328556,False
XFER-PERM-01,permeability,233033901,evidence_guided_predictive_disagreement,portfolio_d2b632acfb9bb418,fit_feedback_llm,M_base(x) + -((p0 * tanh((p1 * (x1 ^ p2))))),"{""p0"": -0.30885318863516803, ""p1"": -0.8541398810210827, ""p2"": 0.8850854921282937}",9,0.005926025342714771,True
XFER-PERM-01,permeability,233033901,evidence_guided_predictive_disagreement,portfolio_6efe5915cad181ea,fit_feedback_llm,M_base(x) + (((-1 * p0 * p1 * x1) + (-1 * p0 * p2 * (x1 ^ 2))) / (1 + (p1 * x1) + (p2 * (x1 ^ 2)))),"{""p0"": 0.34603455681950923, ""p1"": 0.9344823426369717, ""p2"": 0.686430025354807}",24,0.006063735649760979,False
XFER-PERM-01,permeability,233033901,evidence_guided_predictive_disagreement,portfolio_d16d9b132484f7ca,fit_feedback_llm,M_base(x) * (exp(-((p0 * x1))) / (1 + (p1 * x1))),"{""p0"": -0.06653061996027786, ""p1"": 0.41145182459959717}",11,0.0060279589943328556,False
XFER-CYCLIC-01,cyclic_damage,233033901,no_acquisition,portfolio_64f76ba5c092a2e9,pysr,M_base(x) + (x2 * tanh(tanh(((x1 ^ 1.37535) * x2 * pysr_coefficient_1)))),"{""pysr_coefficient_1"": 0.03300080735116629}",10,0.0016876227621970296,True
XFER-CYCLIC-01,cyclic_damage,233033901,no_acquisition,portfolio_b79f0eb5684526d1,pysr,M_base(x) + (tanh(tanh(tanh(tanh(((x1 ^ 1.38207) * x2 * pysr_coefficient_1))))) * x2),"{""pysr_coefficient_1"": 0.032986248623079306}",12,0.001676847334494571,False
XFER-CYCLIC-01,cyclic_damage,233033901,no_acquisition,portfolio_ba53592bd1c60207,pysr,M_base(x) + (x2 * tanh(tanh(tanh(((x1 ^ 1.38127) * pysr_coefficient_1 * x2))))),"{""pysr_coefficient_1"": 0.032951872765080555}",11,0.0016849196203831563,False
XFER-CYCLIC-01,cyclic_damage,233033901,conditional_space_filling,portfolio_64f76ba5c092a2e9,pysr,M_base(x) + (x2 * tanh(tanh(((x1 ^ 1.37535) * x2 * pysr_coefficient_1)))),"{""pysr_coefficient_1"": 0.03300080735116629}",10,0.0016876227621970296,True
XFER-CYCLIC-01,cyclic_damage,233033901,conditional_space_filling,portfolio_b79f0eb5684526d1,pysr,M_base(x) + (tanh(tanh(tanh(tanh(((x1 ^ 1.38207) * x2 * pysr_coefficient_1))))) * x2),"{""pysr_coefficient_1"": 0.032986248623079306}",12,0.001676847334494571,False
XFER-CYCLIC-01,cyclic_damage,233033901,conditional_space_filling,portfolio_ba53592bd1c60207,pysr,M_base(x) + (x2 * tanh(tanh(tanh(((x1 ^ 1.38127) * pysr_coefficient_1 * x2))))),"{""pysr_coefficient_1"": 0.032951872765080555}",11,0.0016849196203831563,False
XFER-CYCLIC-01,cyclic_damage,233033901,evidence_guided_predictive_disagreement,portfolio_64f76ba5c092a2e9,pysr,M_base(x) + (x2 * tanh(tanh(((x1 ^ 1.37535) * x2 * pysr_coefficient_1)))),"{""pysr_coefficient_1"": 0.03300080735116629}",10,0.0016876227621970296,True
XFER-CYCLIC-01,cyclic_damage,233033901,evidence_guided_predictive_disagreement,portfolio_b79f0eb5684526d1,pysr,M_base(x) + (tanh(tanh(tanh(tanh(((x1 ^ 1.38207) * x2 * pysr_coefficient_1))))) * x2),"{""pysr_coefficient_1"": 0.032986248623079306}",12,0.001676847334494571,False
XFER-CYCLIC-01,cyclic_damage,233033901,evidence_guided_predictive_disagreement,portfolio_ba53592bd1c60207,pysr,M_base(x) + (x2 * tanh(tanh(tanh(((x1 ^ 1.38127) * pysr_coefficient_1 * x2))))),"{""pysr_coefficient_1"": 0.032951872765080555}",11,0.0016849196203831563,False
XFER-THERMAL-01,thermal_damage,233033901,no_acquisition,portfolio_2809d0a86327678a,pysr,M_base(x) + (sin((((x2 * pysr_coefficient_1 * ((x2 + pysr_coefficient_2) ^ -1)) + pysr_coefficient_3) * pysr_coefficient_4)) * x1 * x1),"{""pysr_coefficient_1"": 0.6709008632887675, ""pysr_coefficient_2"": 1.3010715196829017, ""pysr_coefficient_3"": -0.6173556902321327, ""pysr_coefficient_4"": 0.45204961055159776}",16,0.007121950520767118,True
XFER-THERMAL-01,thermal_damage,233033901,no_acquisition,portfolio_5a545180601c0161,pysr,M_base(x) + (((pysr_coefficient_1 * pysr_coefficient_4 * x2 * (x1 ^ 2)) + (pysr_coefficient_2 * pysr_coefficient_3 * pysr_coefficient_4 * (x1 ^ 2)) + (pysr_coefficient_3 * pysr_coefficient_4 * x2 * (x1 ^ 2))) / (pysr_coefficient_2 + x2)),"{""pysr_coefficient_1"": -0.9135641953083067, ""pysr_coefficient_2"": 1.3407632514643542, ""pysr_coefficient_3"": 0.8351588232826911, ""pysr_coefficient_4"": -0.32989102012991606}",26,0.0071238632670071475,False
XFER-THERMAL-01,thermal_damage,233033901,conditional_space_filling,portfolio_2809d0a86327678a,pysr,M_base(x) + (sin((((x2 * pysr_coefficient_1 * ((x2 + pysr_coefficient_2) ^ -1)) + pysr_coefficient_3) * pysr_coefficient_4)) * x1 * x1),"{""pysr_coefficient_1"": 0.6709008632887675, ""pysr_coefficient_2"": 1.3010715196829017, ""pysr_coefficient_3"": -0.6173556902321327, ""pysr_coefficient_4"": 0.45204961055159776}",16,0.007121950520767118,True
XFER-THERMAL-01,thermal_damage,233033901,conditional_space_filling,portfolio_5a545180601c0161,pysr,M_base(x) + (((pysr_coefficient_1 * pysr_coefficient_4 * x2 * (x1 ^ 2)) + (pysr_coefficient_2 * pysr_coefficient_3 * pysr_coefficient_4 * (x1 ^ 2)) + (pysr_coefficient_3 * pysr_coefficient_4 * x2 * (x1 ^ 2))) / (pysr_coefficient_2 + x2)),"{""pysr_coefficient_1"": -0.9135641953083067, ""pysr_coefficient_2"": 1.3407632514643542, ""pysr_coefficient_3"": 0.8351588232826911, ""pysr_coefficient_4"": -0.32989102012991606}",26,0.0071238632670071475,False
XFER-THERMAL-01,thermal_damage,233033901,evidence_guided_predictive_disagreement,portfolio_2809d0a86327678a,pysr,M_base(x) + (sin((((x2 * pysr_coefficient_1 * ((x2 + pysr_coefficient_2) ^ -1)) + pysr_coefficient_3) * pysr_coefficient_4)) * x1 * x1),"{""pysr_coefficient_1"": 0.6709008632887675, ""pysr_coefficient_2"": 1.3010715196829017, ""pysr_coefficient_3"": -0.6173556902321327, ""pysr_coefficient_4"": 0.45204961055159776}",16,0.007121950520767118,True
XFER-THERMAL-01,thermal_damage,233033901,evidence_guided_predictive_disagreement,portfolio_5a545180601c0161,pysr,M_base(x) + (((pysr_coefficient_1 * pysr_coefficient_4 * x2 * (x1 ^ 2)) + (pysr_coefficient_2 * pysr_coefficient_3 * pysr_coefficient_4 * (x1 ^ 2)) + (pysr_coefficient_3 * pysr_coefficient_4 * x2 * (x1 ^ 2))) / (pysr_coefficient_2 + x2)),"{""pysr_coefficient_1"": -0.9135641953083067, ""pysr_coefficient_2"": 1.3407632514643542, ""pysr_coefficient_3"": 0.8351588232826911, ""pysr_coefficient_4"": -0.32989102012991606}",26,0.0071238632670071475,False
XFER-CREEP-01,creep,240857411,no_acquisition,portfolio_a4ead89773e2e88b,pysr,M_base(x) + (tanh(tanh((x1 * (pysr_coefficient_1 ^ -1)))) * x2 * pysr_coefficient_2),"{""pysr_coefficient_1"": -0.7054017803663306, ""pysr_coefficient_2"": -0.2858914030770566}",10,0.003588612734337891,True
XFER-CREEP-01,creep,240857411,no_acquisition,portfolio_a74c769e48cad492,pysr,M_base(x) + (x2 * sin(tanh(tanh((x1 * (pysr_coefficient_1 ^ -1))))) * pysr_coefficient_2),"{""pysr_coefficient_1"": 0.7744865306540919, ""pysr_coefficient_2"": 0.31643470725976464}",11,0.003451419058482343,False
XFER-CREEP-01,creep,240857411,no_acquisition,portfolio_c6805bc80356d024,pysr,M_base(x) + (sin(sin(tanh(tanh((x1 * (pysr_coefficient_1 ^ -1)))))) * pysr_coefficient_2 * x2),"{""pysr_coefficient_1"": -0.836537392303933, ""pysr_coefficient_2"": -0.3438481963186065}",12,0.00336235121268711,False
XFER-CREEP-01,creep,240857411,conditional_space_filling,portfolio_a4ead89773e2e88b,pysr,M_base(x) + (tanh(tanh((x1 * (pysr_coefficient_1 ^ -1)))) * x2 * pysr_coefficient_2),"{""pysr_coefficient_1"": -0.7054017803663306, ""pysr_coefficient_2"": -0.2858914030770566}",10,0.003588612734337891,True
XFER-CREEP-01,creep,240857411,conditional_space_filling,portfolio_a74c769e48cad492,pysr,M_base(x) + (x2 * sin(tanh(tanh((x1 * (pysr_coefficient_1 ^ -1))))) * pysr_coefficient_2),"{""pysr_coefficient_1"": 0.7744865306540919, ""pysr_coefficient_2"": 0.31643470725976464}",11,0.003451419058482343,False
XFER-CREEP-01,creep,240857411,conditional_space_filling,portfolio_c6805bc80356d024,pysr,M_base(x) + (sin(sin(tanh(tanh((x1 * (pysr_coefficient_1 ^ -1)))))) * pysr_coefficient_2 * x2),"{""pysr_coefficient_1"": -0.836537392303933, ""pysr_coefficient_2"": -0.3438481963186065}",12,0.00336235121268711,False
XFER-CREEP-01,creep,240857411,evidence_guided_predictive_disagreement,portfolio_a4ead89773e2e88b,pysr,M_base(x) + (tanh(tanh((x1 * (pysr_coefficient_1 ^ -1)))) * x2 * pysr_coefficient_2),"{""pysr_coefficient_1"": -0.7054017803663306, ""pysr_coefficient_2"": -0.2858914030770566}",10,0.003588612734337891,True
XFER-CREEP-01,creep,240857411,evidence_guided_predictive_disagreement,portfolio_a74c769e48cad492,pysr,M_base(x) + (x2 * sin(tanh(tanh((x1 * (pysr_coefficient_1 ^ -1))))) * pysr_coefficient_2),"{""pysr_coefficient_1"": 0.7744865306540919, ""pysr_coefficient_2"": 0.31643470725976464}",11,0.003451419058482343,False
XFER-CREEP-01,creep,240857411,evidence_guided_predictive_disagreement,portfolio_c6805bc80356d024,pysr,M_base(x) + (sin(sin(tanh(tanh((x1 * (pysr_coefficient_1 ^ -1)))))) * pysr_coefficient_2 * x2),"{""pysr_coefficient_1"": -0.836537392303933, ""pysr_coefficient_2"": -0.3438481963186065}",12,0.00336235121268711,False
XFER-PERM-01,permeability,240857411,no_acquisition,portfolio_8094584d8a915ff7,fit_feedback_llm,M_base(x) + (a * (exp((b * x1)) - 1)),"{""a"": 0.31602491220762247, ""b"": -1.121327004484874}",8,0.005657975685102202,True
XFER-PERM-01,permeability,240857411,no_acquisition,portfolio_0a84a678b7d2406f,fit_feedback_llm,M_base(x) + ((p0 * x1) / (1 + ((p1 ^ 2) * (x1 ^ 2)) + (2 * p1 * x1))),"{""p0"": -0.35772028359386027, ""p1"": 0.2960129081474085}",17,0.0056569021327517325,False
XFER-PERM-01,permeability,240857411,no_acquisition,portfolio_2cad2fac2446879e,fit_feedback_llm,M_base(x) * ((1 + (p0 * (x1 ^ 2))) / (1 + (p1 * x1))),"{""p0"": 0.016701183152529317, ""p1"": 0.3433351368580483}",13,0.005836749240462153,False
XFER-PERM-01,permeability,240857411,conditional_space_filling,portfolio_8094584d8a915ff7,fit_feedback_llm,M_base(x) + (a * (exp((b * x1)) - 1)),"{""a"": 0.31602491220762247, ""b"": -1.121327004484874}",8,0.005657975685102202,True
XFER-PERM-01,permeability,240857411,conditional_space_filling,portfolio_0a84a678b7d2406f,fit_feedback_llm,M_base(x) + ((p0 * x1) / (1 + ((p1 ^ 2) * (x1 ^ 2)) + (2 * p1 * x1))),"{""p0"": -0.35772028359386027, ""p1"": 0.2960129081474085}",17,0.0056569021327517325,False
XFER-PERM-01,permeability,240857411,conditional_space_filling,portfolio_2cad2fac2446879e,fit_feedback_llm,M_base(x) * ((1 + (p0 * (x1 ^ 2))) / (1 + (p1 * x1))),"{""p0"": 0.016701183152529317, ""p1"": 0.3433351368580483}",13,0.005836749240462153,False
XFER-PERM-01,permeability,240857411,evidence_guided_predictive_disagreement,portfolio_8094584d8a915ff7,fit_feedback_llm,M_base(x) + (a * (exp((b * x1)) - 1)),"{""a"": 0.31602491220762247, ""b"": -1.121327004484874}",8,0.005657975685102202,True
XFER-PERM-01,permeability,240857411,evidence_guided_predictive_disagreement,portfolio_0a84a678b7d2406f,fit_feedback_llm,M_base(x) + ((p0 * x1) / (1 + ((p1 ^ 2) * (x1 ^ 2)) + (2 * p1 * x1))),"{""p0"": -0.35772028359386027, ""p1"": 0.2960129081474085}",17,0.0056569021327517325,False
XFER-PERM-01,permeability,240857411,evidence_guided_predictive_disagreement,portfolio_2cad2fac2446879e,fit_feedback_llm,M_base(x) * ((1 + (p0 * (x1 ^ 2))) / (1 + (p1 * x1))),"{""p0"": 0.016701183152529317, ""p1"": 0.3433351368580483}",13,0.005836749240462153,False
XFER-CYCLIC-01,cyclic_damage,240857411,no_acquisition,portfolio_3a775344072f3340,pysr,M_base(x) + ((x1 ^ 1.35899) * x2 * x2 * pysr_coefficient_1),"{""pysr_coefficient_1"": 0.032921869293336764}",7,0.0015904462769541084,True
XFER-CYCLIC-01,cyclic_damage,240857411,no_acquisition,portfolio_051605aaaff8eac3,fit_feedback_llm,M_base(x) + (c_power * (x1 ^ a_power) * (x2 ^ b_power)),"{""a_power"": 1.3609526029351646, ""b_power"": 2.0356255795341727, ""c_power"": 0.03304967278675807}",8,0.0016440139483894043,False
XFER-CYCLIC-01,cyclic_damage,240857411,no_acquisition,portfolio_822e9e806e7800a3,pysr,M_base(x) + (tanh(sin(((x1 ^ 1.35935) * pysr_coefficient_1))) * x2 * x2),"{""pysr_coefficient_1"": 0.03298922741335517}",10,0.0015847635360920062,False
XFER-CYCLIC-01,cyclic_damage,240857411,conditional_space_filling,portfolio_3a775344072f3340,pysr,M_base(x) + ((x1 ^ 1.35899) * x2 * x2 * pysr_coefficient_1),"{""pysr_coefficient_1"": 0.032921869293336764}",7,0.0015904462769541084,True
XFER-CYCLIC-01,cyclic_damage,240857411,conditional_space_filling,portfolio_051605aaaff8eac3,fit_feedback_llm,M_base(x) + (c_power * (x1 ^ a_power) * (x2 ^ b_power)),"{""a_power"": 1.3609526029351646, ""b_power"": 2.0356255795341727, ""c_power"": 0.03304967278675807}",8,0.0016440139483894043,False
XFER-CYCLIC-01,cyclic_damage,240857411,conditional_space_filling,portfolio_822e9e806e7800a3,pysr,M_base(x) + (tanh(sin(((x1 ^ 1.35935) * pysr_coefficient_1))) * x2 * x2),"{""pysr_coefficient_1"": 0.03298922741335517}",10,0.0015847635360920062,False
XFER-CYCLIC-01,cyclic_damage,240857411,evidence_guided_predictive_disagreement,portfolio_3a775344072f3340,pysr,M_base(x) + ((x1 ^ 1.35899) * x2 * x2 * pysr_coefficient_1),"{""pysr_coefficient_1"": 0.032921869293336764}",7,0.0015904462769541084,True
XFER-CYCLIC-01,cyclic_damage,240857411,evidence_guided_predictive_disagreement,portfolio_051605aaaff8eac3,fit_feedback_llm,M_base(x) + (c_power * (x1 ^ a_power) * (x2 ^ b_power)),"{""a_power"": 1.3609526029351646, ""b_power"": 2.0356255795341727, ""c_power"": 0.03304967278675807}",8,0.0016440139483894043,False
XFER-CYCLIC-01,cyclic_damage,240857411,evidence_guided_predictive_disagreement,portfolio_822e9e806e7800a3,pysr,M_base(x) + (tanh(sin(((x1 ^ 1.35935) * pysr_coefficient_1))) * x2 * x2),"{""pysr_coefficient_1"": 0.03298922741335517}",10,0.0015847635360920062,False
XFER-THERMAL-01,thermal_damage,240857411,no_acquisition,portfolio_de83a8bbfb9ea154,pysr,M_base(x) + (exp(exp((x2 * pysr_coefficient_1))) * (pysr_coefficient_2 ^ -1) * pysr_coefficient_3 * x1 * x1),"{""pysr_coefficient_1"": -0.964359552809018, ""pysr_coefficient_2"": -1.4549035334413918, ""pysr_coefficient_3"": 0.14884917774748496}",12,0.007558940787286026,True
XFER-THERMAL-01,thermal_damage,240857411,conditional_space_filling,portfolio_de83a8bbfb9ea154,pysr,M_base(x) + (exp(exp((x2 * pysr_coefficient_1))) * (pysr_coefficient_2 ^ -1) * pysr_coefficient_3 * x1 * x1),"{""pysr_coefficient_1"": -0.964359552809018, ""pysr_coefficient_2"": -1.4549035334413918, ""pysr_coefficient_3"": 0.14884917774748496}",12,0.007558940787286026,True
XFER-THERMAL-01,thermal_damage,240857411,evidence_guided_predictive_disagreement,portfolio_de83a8bbfb9ea154,pysr,M_base(x) + (exp(exp((x2 * pysr_coefficient_1))) * (pysr_coefficient_2 ^ -1) * pysr_coefficient_3 * x1 * x1),"{""pysr_coefficient_1"": -0.964359552809018, ""pysr_coefficient_2"": -1.4549035334413918, ""pysr_coefficient_3"": 0.14884917774748496}",12,0.007558940787286026,True
XFER-CREEP-01,creep,3283209030,no_acquisition,portfolio_42851308684d1787,pysr,M_base(x) + (tanh(tanh(tanh(tanh(((x1 * pysr_coefficient_1) + x1))))) * x2 * pysr_coefficient_2),"{""pysr_coefficient_1"": 0.08588448150078704, ""pysr_coefficient_2"": 0.38422215117743996}",12,0.0032988601481919906,True
XFER-CREEP-01,creep,3283209030,no_acquisition,portfolio_ed7daefb18929d68,pysr,M_base(x) + (x2 * tanh(tanh(tanh((x1 + pysr_coefficient_1 + (x1 * pysr_coefficient_2) + pysr_coefficient_3)))) * pysr_coefficient_4),"{""pysr_coefficient_1"": 0.010432733581569398, ""pysr_coefficient_2"": 0.15234963372745414, ""pysr_coefficient_3"": 0.010432790251875098, ""pysr_coefficient_4"": 0.33964772162805}",13,0.0027405859413752506,False
XFER-CREEP-01,creep,3283209030,conditional_space_filling,portfolio_42851308684d1787,pysr,M_base(x) + (tanh(tanh(tanh(tanh(((x1 * pysr_coefficient_1) + x1))))) * x2 * pysr_coefficient_2),"{""pysr_coefficient_1"": 0.08588448150078704, ""pysr_coefficient_2"": 0.38422215117743996}",12,0.0032988601481919906,True
XFER-CREEP-01,creep,3283209030,conditional_space_filling,portfolio_ed7daefb18929d68,pysr,M_base(x) + (x2 * tanh(tanh(tanh((x1 + pysr_coefficient_1 + (x1 * pysr_coefficient_2) + pysr_coefficient_3)))) * pysr_coefficient_4),"{""pysr_coefficient_1"": 0.010432733581569398, ""pysr_coefficient_2"": 0.15234963372745414, ""pysr_coefficient_3"": 0.010432790251875098, ""pysr_coefficient_4"": 0.33964772162805}",13,0.0027405859413752506,False
XFER-CREEP-01,creep,3283209030,evidence_guided_predictive_disagreement,portfolio_42851308684d1787,pysr,M_base(x) + (tanh(tanh(tanh(tanh(((x1 * pysr_coefficient_1) + x1))))) * x2 * pysr_coefficient_2),"{""pysr_coefficient_1"": 0.08588448150078704, ""pysr_coefficient_2"": 0.38422215117743996}",12,0.0032988601481919906,True
XFER-CREEP-01,creep,3283209030,evidence_guided_predictive_disagreement,portfolio_ed7daefb18929d68,pysr,M_base(x) + (x2 * tanh(tanh(tanh((x1 + pysr_coefficient_1 + (x1 * pysr_coefficient_2) + pysr_coefficient_3)))) * pysr_coefficient_4),"{""pysr_coefficient_1"": 0.010432733581569398, ""pysr_coefficient_2"": 0.15234963372745414, ""pysr_coefficient_3"": 0.010432790251875098, ""pysr_coefficient_4"": 0.33964772162805}",13,0.0027405859413752506,False
XFER-PERM-01,permeability,3283209030,no_acquisition,portfolio_ef36a17bb05e52fd,pysr,M_base(x) + (tanh(((x1 ^ 0.848489) * pysr_coefficient_1)) * pysr_coefficient_2),"{""pysr_coefficient_1"": 0.8338700710412155, ""pysr_coefficient_2"": -0.31327433500318264}",8,0.0073591417922945,True
XFER-PERM-01,permeability,3283209030,no_acquisition,portfolio_26b63ffd1b1ffa00,pysr,M_base(x) + sin((tanh(tanh(((x1 ^ 0.88497) * pysr_coefficient_1))) * pysr_coefficient_2)),"{""pysr_coefficient_1"": 0.6371846896278011, ""pysr_coefficient_2"": -0.4235400914994202}",10,0.007399126739991996,False
XFER-PERM-01,permeability,3283209030,no_acquisition,portfolio_ecca44158a883503,pysr,M_base(x) + (tanh(tanh(((x1 ^ 0.880203) * pysr_coefficient_1))) * pysr_coefficient_2),"{""pysr_coefficient_1"": -0.6455813316349329, ""pysr_coefficient_2"": 0.41660443750262605}",9,0.007379869086192297,False
XFER-PERM-01,permeability,3283209030,conditional_space_filling,portfolio_ef36a17bb05e52fd,pysr,M_base(x) + (tanh(((x1 ^ 0.848489) * pysr_coefficient_1)) * pysr_coefficient_2),"{""pysr_coefficient_1"": 0.8338700710412155, ""pysr_coefficient_2"": -0.31327433500318264}",8,0.0073591417922945,True
XFER-PERM-01,permeability,3283209030,conditional_space_filling,portfolio_26b63ffd1b1ffa00,pysr,M_base(x) + sin((tanh(tanh(((x1 ^ 0.88497) * pysr_coefficient_1))) * pysr_coefficient_2)),"{""pysr_coefficient_1"": 0.6371846896278011, ""pysr_coefficient_2"": -0.4235400914994202}",10,0.007399126739991996,False
XFER-PERM-01,permeability,3283209030,conditional_space_filling,portfolio_ecca44158a883503,pysr,M_base(x) + (tanh(tanh(((x1 ^ 0.880203) * pysr_coefficient_1))) * pysr_coefficient_2),"{""pysr_coefficient_1"": -0.6455813316349329, ""pysr_coefficient_2"": 0.41660443750262605}",9,0.007379869086192297,False
XFER-PERM-01,permeability,3283209030,evidence_guided_predictive_disagreement,portfolio_ef36a17bb05e52fd,pysr,M_base(x) + (tanh(((x1 ^ 0.848489) * pysr_coefficient_1)) * pysr_coefficient_2),"{""pysr_coefficient_1"": 0.8338700710412155, ""pysr_coefficient_2"": -0.31327433500318264}",8,0.0073591417922945,True
XFER-PERM-01,permeability,3283209030,evidence_guided_predictive_disagreement,portfolio_26b63ffd1b1ffa00,pysr,M_base(x) + sin((tanh(tanh(((x1 ^ 0.88497) * pysr_coefficient_1))) * pysr_coefficient_2)),"{""pysr_coefficient_1"": 0.6371846896278011, ""pysr_coefficient_2"": -0.4235400914994202}",10,0.007399126739991996,False
XFER-PERM-01,permeability,3283209030,evidence_guided_predictive_disagreement,portfolio_ecca44158a883503,pysr,M_base(x) + (tanh(tanh(((x1 ^ 0.880203) * pysr_coefficient_1))) * pysr_coefficient_2),"{""pysr_coefficient_1"": -0.6455813316349329, ""pysr_coefficient_2"": 0.41660443750262605}",9,0.007379869086192297,False
XFER-CYCLIC-01,cyclic_damage,3283209030,no_acquisition,portfolio_3f95ccc0f0ca3523,pysr,M_base(x) + (((x1 * pysr_coefficient_1 * x1) + (sin(x1) * pysr_coefficient_2)) * x2 * x2),"{""pysr_coefficient_1"": 0.01683609580265469, ""pysr_coefficient_2"": 0.019389893753409337}",12,0.0017492063829468445,True
XFER-CYCLIC-01,cyclic_damage,3283209030,no_acquisition,portfolio_ad503937a0eaf954,pysr,M_base(x) + (x2 * x2 * tanh(((sin(x1) * pysr_coefficient_1) + (x1 * x1 * pysr_coefficient_2)))),"{""pysr_coefficient_1"": 0.019317747017708258, ""pysr_coefficient_2"": 0.016902321006227333}",13,0.0017514087578690389,False
XFER-CYCLIC-01,cyclic_damage,3283209030,conditional_space_filling,portfolio_3f95ccc0f0ca3523,pysr,M_base(x) + (((x1 * pysr_coefficient_1 * x1) + (sin(x1) * pysr_coefficient_2)) * x2 * x2),"{""pysr_coefficient_1"": 0.01683609580265469, ""pysr_coefficient_2"": 0.019389893753409337}",12,0.0017492063829468445,True
XFER-CYCLIC-01,cyclic_damage,3283209030,conditional_space_filling,portfolio_ad503937a0eaf954,pysr,M_base(x) + (x2 * x2 * tanh(((sin(x1) * pysr_coefficient_1) + (x1 * x1 * pysr_coefficient_2)))),"{""pysr_coefficient_1"": 0.019317747017708258, ""pysr_coefficient_2"": 0.016902321006227333}",13,0.0017514087578690389,False
XFER-CYCLIC-01,cyclic_damage,3283209030,evidence_guided_predictive_disagreement,portfolio_3f95ccc0f0ca3523,pysr,M_base(x) + (((x1 * pysr_coefficient_1 * x1) + (sin(x1) * pysr_coefficient_2)) * x2 * x2),"{""pysr_coefficient_1"": 0.01683609580265469, ""pysr_coefficient_2"": 0.019389893753409337}",12,0.0017492063829468445,True
XFER-CYCLIC-01,cyclic_damage,3283209030,evidence_guided_predictive_disagreement,portfolio_ad503937a0eaf954,pysr,M_base(x) + (x2 * x2 * tanh(((sin(x1) * pysr_coefficient_1) + (x1 * x1 * pysr_coefficient_2)))),"{""pysr_coefficient_1"": 0.019317747017708258, ""pysr_coefficient_2"": 0.016902321006227333}",13,0.0017514087578690389,False
XFER-THERMAL-01,thermal_damage,3283209030,no_acquisition,portfolio_cab49e74ec2f5e44,pysr,M_base(x) + (exp(tanh((x2 * pysr_coefficient_1))) * x1 * x1 * pysr_coefficient_2),"{""pysr_coefficient_1"": -0.7844455736091448, ""pysr_coefficient_2"": -0.27885242741709376}",9,0.006424641107689233,True
XFER-THERMAL-01,thermal_damage,3283209030,conditional_space_filling,portfolio_cab49e74ec2f5e44,pysr,M_base(x) + (exp(tanh((x2 * pysr_coefficient_1))) * x1 * x1 * pysr_coefficient_2),"{""pysr_coefficient_1"": -0.7844455736091448, ""pysr_coefficient_2"": -0.27885242741709376}",9,0.006424641107689233,True
XFER-THERMAL-01,thermal_damage,3283209030,evidence_guided_predictive_disagreement,portfolio_cab49e74ec2f5e44,pysr,M_base(x) + (exp(tanh((x2 * pysr_coefficient_1))) * x1 * x1 * pysr_coefficient_2),"{""pysr_coefficient_1"": -0.7844455736091448, ""pysr_coefficient_2"": -0.27885242741709376}",9,0.006424641107689233,True
