task_id,mechanism_class,data_seed,strategy,observation_count,selected_proposal_id,validation_rmse,locked_rmse,stability_violations,gate_triggered,gate_reason,equivalent_candidate_count,normalized_prediction_ambiguity
XFER-CREEP-01,creep,1936607229,no_acquisition,0,portfolio_5e001582c80e98e7,0.0016356843785056369,0.00021277073928706395,0,False,equivalent_candidates_predict_similarly,2,0.3212900800937898
XFER-CREEP-01,creep,1936607229,conditional_space_filling,0,portfolio_5e001582c80e98e7,0.0016356843785056369,0.00021277073928706395,0,False,equivalent_candidates_predict_similarly,2,0.3212900800937898
XFER-CREEP-01,creep,1936607229,evidence_guided_predictive_disagreement,0,portfolio_5e001582c80e98e7,0.0016356843785056369,0.00021277073928706395,0,False,equivalent_candidates_predict_similarly,2,0.3212900800937898
XFER-PERM-01,permeability,1936607229,no_acquisition,0,portfolio_c1f71f1dc5d1b411,0.004995730005133128,0.0011726331595642567,0,False,equivalent_candidates_predict_similarly,2,0.26226105653877074
XFER-PERM-01,permeability,1936607229,conditional_space_filling,0,portfolio_c1f71f1dc5d1b411,0.004995730005133128,0.0011726331595642567,0,False,equivalent_candidates_predict_similarly,2,0.26226105653877074
XFER-PERM-01,permeability,1936607229,evidence_guided_predictive_disagreement,0,portfolio_c1f71f1dc5d1b411,0.004995730005133128,0.0011726331595642567,0,False,equivalent_candidates_predict_similarly,2,0.26226105653877074
XFER-CYCLIC-01,cyclic_damage,1936607229,no_acquisition,0,portfolio_e5c76560a5eca862,0.0012094051772714312,0.0006479857458470842,0,False,equivalent_candidates_predict_similarly,2,0.6688258898959174
XFER-CYCLIC-01,cyclic_damage,1936607229,conditional_space_filling,0,portfolio_e5c76560a5eca862,0.0012094051772714312,0.0006479857458470842,0,False,equivalent_candidates_predict_similarly,2,0.6688258898959174
XFER-CYCLIC-01,cyclic_damage,1936607229,evidence_guided_predictive_disagreement,0,portfolio_e5c76560a5eca862,0.0012094051772714312,0.0006479857458470842,0,False,equivalent_candidates_predict_similarly,2,0.6688258898959174
XFER-THERMAL-01,thermal_damage,1936607229,no_acquisition,0,portfolio_0381c7bec88c1b5a,0.05250339409106097,0.04891185747018122,0,False,equivalent_candidates_predict_similarly,4,1.3138645280724917
XFER-THERMAL-01,thermal_damage,1936607229,conditional_space_filling,0,portfolio_0381c7bec88c1b5a,0.05250339409106097,0.04891185747018122,0,False,equivalent_candidates_predict_similarly,4,1.3138645280724917
XFER-THERMAL-01,thermal_damage,1936607229,evidence_guided_predictive_disagreement,0,portfolio_0381c7bec88c1b5a,0.05250339409106097,0.04891185747018122,0,False,equivalent_candidates_predict_similarly,4,1.3138645280724917
XFER-CREEP-01,creep,2324701358,no_acquisition,0,portfolio_4e1478dd7a506e78,0.0017675381605653624,0.00043042242557798384,0,False,equivalent_candidates_predict_similarly,2,0.3301314544723331
XFER-CREEP-01,creep,2324701358,conditional_space_filling,0,portfolio_4e1478dd7a506e78,0.0017675381605653624,0.00043042242557798384,0,False,equivalent_candidates_predict_similarly,2,0.3301314544723331
XFER-CREEP-01,creep,2324701358,evidence_guided_predictive_disagreement,0,portfolio_4e1478dd7a506e78,0.0017675381605653624,0.00043042242557798384,0,False,equivalent_candidates_predict_similarly,2,0.3301314544723331
XFER-PERM-01,permeability,2324701358,no_acquisition,0,portfolio_e5a1a7adc89df9d7,0.007760311431453826,0.0011262564478114732,0,False,equivalent_candidates_predict_similarly,6,1.0304450258489626
XFER-PERM-01,permeability,2324701358,conditional_space_filling,0,portfolio_e5a1a7adc89df9d7,0.007760311431453826,0.0011262564478114732,0,False,equivalent_candidates_predict_similarly,6,1.0304450258489626
XFER-PERM-01,permeability,2324701358,evidence_guided_predictive_disagreement,0,portfolio_e5a1a7adc89df9d7,0.007760311431453826,0.0011262564478114732,0,False,equivalent_candidates_predict_similarly,6,1.0304450258489626
XFER-CYCLIC-01,cyclic_damage,2324701358,no_acquisition,0,portfolio_9fa65cd6dc47629a,0.0018655496070840187,0.0006755299327035987,0,False,insufficient_validation_equivalent_candidates,1,0.0
XFER-CYCLIC-01,cyclic_damage,2324701358,conditional_space_filling,0,portfolio_9fa65cd6dc47629a,0.0018655496070840187,0.0006755299327035987,0,False,insufficient_validation_equivalent_candidates,1,0.0
XFER-CYCLIC-01,cyclic_damage,2324701358,evidence_guided_predictive_disagreement,0,portfolio_9fa65cd6dc47629a,0.0018655496070840187,0.0006755299327035987,0,False,insufficient_validation_equivalent_candidates,1,0.0
XFER-THERMAL-01,thermal_damage,2324701358,no_acquisition,0,portfolio_bd8afc473c872934,0.005649936023278722,0.0014708783006338211,0,False,equivalent_candidates_predict_similarly,2,0.1643289653279814
XFER-THERMAL-01,thermal_damage,2324701358,conditional_space_filling,0,portfolio_bd8afc473c872934,0.005649936023278722,0.0014708783006338211,0,False,equivalent_candidates_predict_similarly,2,0.1643289653279814
XFER-THERMAL-01,thermal_damage,2324701358,evidence_guided_predictive_disagreement,0,portfolio_bd8afc473c872934,0.005649936023278722,0.0014708783006338211,0,False,equivalent_candidates_predict_similarly,2,0.1643289653279814
XFER-CREEP-01,creep,1090645961,no_acquisition,0,portfolio_edacc189fb2b2ab3,0.0019396358050545951,0.0010965196935962243,0,False,insufficient_validation_equivalent_candidates,1,0.0
XFER-CREEP-01,creep,1090645961,conditional_space_filling,0,portfolio_edacc189fb2b2ab3,0.0019396358050545951,0.0010965196935962243,0,False,insufficient_validation_equivalent_candidates,1,0.0
XFER-CREEP-01,creep,1090645961,evidence_guided_predictive_disagreement,0,portfolio_edacc189fb2b2ab3,0.0019396358050545951,0.0010965196935962243,0,False,insufficient_validation_equivalent_candidates,1,0.0
XFER-PERM-01,permeability,1090645961,no_acquisition,0,portfolio_d5e1fd2bfa25d18e,0.006265812830290878,0.0007910353597892677,0,False,equivalent_candidates_predict_similarly,6,1.2515694595679676
XFER-PERM-01,permeability,1090645961,conditional_space_filling,0,portfolio_d5e1fd2bfa25d18e,0.006265812830290878,0.0007910353597892677,0,False,equivalent_candidates_predict_similarly,6,1.2515694595679676
XFER-PERM-01,permeability,1090645961,evidence_guided_predictive_disagreement,0,portfolio_d5e1fd2bfa25d18e,0.006265812830290878,0.0007910353597892677,0,False,equivalent_candidates_predict_similarly,6,1.2515694595679676
XFER-CYCLIC-01,cyclic_damage,1090645961,no_acquisition,0,portfolio_f71c6ac9695309a2,0.0012372492050218959,0.0003169199299476413,0,False,equivalent_candidates_predict_similarly,2,0.14565412951513332
XFER-CYCLIC-01,cyclic_damage,1090645961,conditional_space_filling,0,portfolio_f71c6ac9695309a2,0.0012372492050218959,0.0003169199299476413,0,False,equivalent_candidates_predict_similarly,2,0.14565412951513332
XFER-CYCLIC-01,cyclic_damage,1090645961,evidence_guided_predictive_disagreement,0,portfolio_f71c6ac9695309a2,0.0012372492050218959,0.0003169199299476413,0,False,equivalent_candidates_predict_similarly,2,0.14565412951513332
XFER-THERMAL-01,thermal_damage,1090645961,no_acquisition,0,portfolio_8c893d74095a35d3,0.005816275336300259,0.0031827569432325326,0,False,insufficient_validation_equivalent_candidates,1,0.0
XFER-THERMAL-01,thermal_damage,1090645961,conditional_space_filling,0,portfolio_8c893d74095a35d3,0.005816275336300259,0.0031827569432325326,0,False,insufficient_validation_equivalent_candidates,1,0.0
XFER-THERMAL-01,thermal_damage,1090645961,evidence_guided_predictive_disagreement,0,portfolio_8c893d74095a35d3,0.005816275336300259,0.0031827569432325326,0,False,insufficient_validation_equivalent_candidates,1,0.0
XFER-CREEP-01,creep,2164999260,no_acquisition,0,portfolio_6357bd811dd86672,0.002056598720045016,0.00075568727313885,0,False,equivalent_candidates_predict_similarly,2,0.30293628051361465
XFER-CREEP-01,creep,2164999260,conditional_space_filling,0,portfolio_6357bd811dd86672,0.002056598720045016,0.00075568727313885,0,False,equivalent_candidates_predict_similarly,2,0.30293628051361465
XFER-CREEP-01,creep,2164999260,evidence_guided_predictive_disagreement,0,portfolio_6357bd811dd86672,0.002056598720045016,0.00075568727313885,0,False,equivalent_candidates_predict_similarly,2,0.30293628051361465
XFER-PERM-01,permeability,2164999260,no_acquisition,0,portfolio_ed7508e8a47eec24,0.00587565305234761,0.00523754696198752,0,False,equivalent_candidates_predict_similarly,6,0.5206170778346877
XFER-PERM-01,permeability,2164999260,conditional_space_filling,0,portfolio_ed7508e8a47eec24,0.00587565305234761,0.00523754696198752,0,False,equivalent_candidates_predict_similarly,6,0.5206170778346877
XFER-PERM-01,permeability,2164999260,evidence_guided_predictive_disagreement,0,portfolio_ed7508e8a47eec24,0.00587565305234761,0.00523754696198752,0,False,equivalent_candidates_predict_similarly,6,0.5206170778346877
XFER-CYCLIC-01,cyclic_damage,2164999260,no_acquisition,0,portfolio_051605aaaff8eac3,0.0014542665297911817,0.0007467549666205058,0,False,insufficient_validation_equivalent_candidates,1,0.0
XFER-CYCLIC-01,cyclic_damage,2164999260,conditional_space_filling,0,portfolio_051605aaaff8eac3,0.0014542665297911817,0.0007467549666205058,0,False,insufficient_validation_equivalent_candidates,1,0.0
XFER-CYCLIC-01,cyclic_damage,2164999260,evidence_guided_predictive_disagreement,0,portfolio_051605aaaff8eac3,0.0014542665297911817,0.0007467549666205058,0,False,insufficient_validation_equivalent_candidates,1,0.0
XFER-THERMAL-01,thermal_damage,2164999260,no_acquisition,0,portfolio_d8bdcedcaba5de17,0.008952433196830601,0.00912485282325125,0,False,equivalent_candidates_predict_similarly,2,0.021017197076764093
XFER-THERMAL-01,thermal_damage,2164999260,conditional_space_filling,0,portfolio_d8bdcedcaba5de17,0.008952433196830601,0.00912485282325125,0,False,equivalent_candidates_predict_similarly,2,0.021017197076764093
XFER-THERMAL-01,thermal_damage,2164999260,evidence_guided_predictive_disagreement,0,portfolio_d8bdcedcaba5de17,0.008952433196830601,0.00912485282325125,0,False,equivalent_candidates_predict_similarly,2,0.021017197076764093
XFER-CREEP-01,creep,3799979468,no_acquisition,0,portfolio_c7ef84498d9b01a6,0.004597344862317005,0.004994292445512886,0,False,insufficient_validation_equivalent_candidates,1,0.0
XFER-CREEP-01,creep,3799979468,conditional_space_filling,0,portfolio_c7ef84498d9b01a6,0.004597344862317005,0.004994292445512886,0,False,insufficient_validation_equivalent_candidates,1,0.0
XFER-CREEP-01,creep,3799979468,evidence_guided_predictive_disagreement,0,portfolio_c7ef84498d9b01a6,0.004597344862317005,0.004994292445512886,0,False,insufficient_validation_equivalent_candidates,1,0.0
XFER-PERM-01,permeability,3799979468,no_acquisition,0,portfolio_b347cb206c3d2b52,0.006458669484437218,0.0013008788984982126,0,False,equivalent_candidates_predict_similarly,5,0.6700570938329488
XFER-PERM-01,permeability,3799979468,conditional_space_filling,0,portfolio_b347cb206c3d2b52,0.006458669484437218,0.0013008788984982126,0,False,equivalent_candidates_predict_similarly,5,0.6700570938329488
XFER-PERM-01,permeability,3799979468,evidence_guided_predictive_disagreement,0,portfolio_b347cb206c3d2b52,0.006458669484437218,0.0013008788984982126,0,False,equivalent_candidates_predict_similarly,5,0.6700570938329488
XFER-CYCLIC-01,cyclic_damage,3799979468,no_acquisition,0,portfolio_e5c76560a5eca862,0.0014892882857196305,0.0006593275823055211,0,False,equivalent_candidates_predict_similarly,4,0.4016244358752911
XFER-CYCLIC-01,cyclic_damage,3799979468,conditional_space_filling,0,portfolio_e5c76560a5eca862,0.0014892882857196305,0.0006593275823055211,0,False,equivalent_candidates_predict_similarly,4,0.4016244358752911
XFER-CYCLIC-01,cyclic_damage,3799979468,evidence_guided_predictive_disagreement,0,portfolio_e5c76560a5eca862,0.0014892882857196305,0.0006593275823055211,0,False,equivalent_candidates_predict_similarly,4,0.4016244358752911
XFER-THERMAL-01,thermal_damage,3799979468,no_acquisition,0,portfolio_87ef16c1f3c18d4b,0.009095605859149192,0.004929047688548393,0,False,equivalent_candidates_predict_similarly,3,0.018559020986407028
XFER-THERMAL-01,thermal_damage,3799979468,conditional_space_filling,0,portfolio_87ef16c1f3c18d4b,0.009095605859149192,0.004929047688548393,0,False,equivalent_candidates_predict_similarly,3,0.018559020986407028
XFER-THERMAL-01,thermal_damage,3799979468,evidence_guided_predictive_disagreement,0,portfolio_87ef16c1f3c18d4b,0.009095605859149192,0.004929047688548393,0,False,equivalent_candidates_predict_similarly,3,0.018559020986407028
XFER-CREEP-01,creep,233033901,no_acquisition,0,portfolio_0836f312f112038f,0.0019347645733390339,0.0003688490247708006,0,False,insufficient_validation_equivalent_candidates,1,0.0
XFER-CREEP-01,creep,233033901,conditional_space_filling,0,portfolio_0836f312f112038f,0.0019347645733390339,0.0003688490247708006,0,False,insufficient_validation_equivalent_candidates,1,0.0
XFER-CREEP-01,creep,233033901,evidence_guided_predictive_disagreement,0,portfolio_0836f312f112038f,0.0019347645733390339,0.0003688490247708006,0,False,insufficient_validation_equivalent_candidates,1,0.0
XFER-PERM-01,permeability,233033901,no_acquisition,0,portfolio_d2b632acfb9bb418,0.005578652404945591,0.0010508575707781074,0,False,equivalent_candidates_predict_similarly,5,0.36706915649515076
XFER-PERM-01,permeability,233033901,conditional_space_filling,0,portfolio_d2b632acfb9bb418,0.005578652404945591,0.0010508575707781074,0,False,equivalent_candidates_predict_similarly,5,0.36706915649515076
XFER-PERM-01,permeability,233033901,evidence_guided_predictive_disagreement,0,portfolio_d2b632acfb9bb418,0.005578652404945591,0.0010508575707781074,0,False,equivalent_candidates_predict_similarly,5,0.36706915649515076
XFER-CYCLIC-01,cyclic_damage,233033901,no_acquisition,0,portfolio_64f76ba5c092a2e9,0.0016307745242896002,0.0004685630921195505,0,False,equivalent_candidates_predict_similarly,4,0.04443620659672553
XFER-CYCLIC-01,cyclic_damage,233033901,conditional_space_filling,0,portfolio_64f76ba5c092a2e9,0.0016307745242896002,0.0004685630921195505,0,False,equivalent_candidates_predict_similarly,4,0.04443620659672553
XFER-CYCLIC-01,cyclic_damage,233033901,evidence_guided_predictive_disagreement,0,portfolio_64f76ba5c092a2e9,0.0016307745242896002,0.0004685630921195505,0,False,equivalent_candidates_predict_similarly,4,0.04443620659672553
XFER-THERMAL-01,thermal_damage,233033901,no_acquisition,0,portfolio_2809d0a86327678a,0.006203798765501989,0.0016415670793050573,0,False,equivalent_candidates_predict_similarly,2,0.0020929380869431353
XFER-THERMAL-01,thermal_damage,233033901,conditional_space_filling,0,portfolio_2809d0a86327678a,0.006203798765501989,0.0016415670793050573,0,False,equivalent_candidates_predict_similarly,2,0.0020929380869431353
XFER-THERMAL-01,thermal_damage,233033901,evidence_guided_predictive_disagreement,0,portfolio_2809d0a86327678a,0.006203798765501989,0.0016415670793050573,0,False,equivalent_candidates_predict_similarly,2,0.0020929380869431353
XFER-CREEP-01,creep,240857411,no_acquisition,0,portfolio_a4ead89773e2e88b,0.0028752981197108897,0.0027422205661511404,0,False,equivalent_candidates_predict_similarly,3,0.24795695503332035
XFER-CREEP-01,creep,240857411,conditional_space_filling,0,portfolio_a4ead89773e2e88b,0.0028752981197108897,0.0027422205661511404,0,False,equivalent_candidates_predict_similarly,3,0.24795695503332035
XFER-CREEP-01,creep,240857411,evidence_guided_predictive_disagreement,0,portfolio_a4ead89773e2e88b,0.0028752981197108897,0.0027422205661511404,0,False,equivalent_candidates_predict_similarly,3,0.24795695503332035
XFER-PERM-01,permeability,240857411,no_acquisition,0,portfolio_8094584d8a915ff7,0.005393652815704179,0.001412283379711007,0,False,equivalent_candidates_predict_similarly,4,0.3568060495569271
XFER-PERM-01,permeability,240857411,conditional_space_filling,0,portfolio_8094584d8a915ff7,0.005393652815704179,0.001412283379711007,0,False,equivalent_candidates_predict_similarly,4,0.3568060495569271
XFER-PERM-01,permeability,240857411,evidence_guided_predictive_disagreement,0,portfolio_8094584d8a915ff7,0.005393652815704179,0.001412283379711007,0,False,equivalent_candidates_predict_similarly,4,0.3568060495569271
XFER-CYCLIC-01,cyclic_damage,240857411,no_acquisition,0,portfolio_3a775344072f3340,0.0014397395778557645,0.0005155373401379851,0,False,equivalent_candidates_predict_similarly,4,0.2692342917994424
XFER-CYCLIC-01,cyclic_damage,240857411,conditional_space_filling,0,portfolio_3a775344072f3340,0.0014397395778557645,0.0005155373401379851,0,False,equivalent_candidates_predict_similarly,4,0.2692342917994424
XFER-CYCLIC-01,cyclic_damage,240857411,evidence_guided_predictive_disagreement,0,portfolio_3a775344072f3340,0.0014397395778557645,0.0005155373401379851,0,False,equivalent_candidates_predict_similarly,4,0.2692342917994424
XFER-THERMAL-01,thermal_damage,240857411,no_acquisition,0,portfolio_de83a8bbfb9ea154,0.006963164598736603,0.004318595042262971,0,False,insufficient_validation_equivalent_candidates,1,0.0
XFER-THERMAL-01,thermal_damage,240857411,conditional_space_filling,0,portfolio_de83a8bbfb9ea154,0.006963164598736603,0.004318595042262971,0,False,insufficient_validation_equivalent_candidates,1,0.0
XFER-THERMAL-01,thermal_damage,240857411,evidence_guided_predictive_disagreement,0,portfolio_de83a8bbfb9ea154,0.006963164598736603,0.004318595042262971,0,False,insufficient_validation_equivalent_candidates,1,0.0
XFER-CREEP-01,creep,3283209030,no_acquisition,0,portfolio_42851308684d1787,0.0029757987623400197,0.0022333857197879164,0,False,equivalent_candidates_predict_similarly,2,0.8095409721327691
XFER-CREEP-01,creep,3283209030,conditional_space_filling,0,portfolio_42851308684d1787,0.0029757987623400197,0.0022333857197879164,0,False,equivalent_candidates_predict_similarly,2,0.8095409721327691
XFER-CREEP-01,creep,3283209030,evidence_guided_predictive_disagreement,0,portfolio_42851308684d1787,0.0029757987623400197,0.0022333857197879164,0,False,equivalent_candidates_predict_similarly,2,0.8095409721327691
XFER-PERM-01,permeability,3283209030,no_acquisition,0,portfolio_ef36a17bb05e52fd,0.006325952459669163,0.0006029347120202541,0,False,equivalent_candidates_predict_similarly,5,0.46269381296557377
XFER-PERM-01,permeability,3283209030,conditional_space_filling,0,portfolio_ef36a17bb05e52fd,0.006325952459669163,0.0006029347120202541,0,False,equivalent_candidates_predict_similarly,5,0.46269381296557377
XFER-PERM-01,permeability,3283209030,evidence_guided_predictive_disagreement,0,portfolio_ef36a17bb05e52fd,0.006325952459669163,0.0006029347120202541,0,False,equivalent_candidates_predict_similarly,5,0.46269381296557377
XFER-CYCLIC-01,cyclic_damage,3283209030,no_acquisition,0,portfolio_3f95ccc0f0ca3523,0.0016671143386722705,0.0006940522317799105,0,False,equivalent_candidates_predict_similarly,2,0.005648564867303522
XFER-CYCLIC-01,cyclic_damage,3283209030,conditional_space_filling,0,portfolio_3f95ccc0f0ca3523,0.0016671143386722705,0.0006940522317799105,0,False,equivalent_candidates_predict_similarly,2,0.005648564867303522
XFER-CYCLIC-01,cyclic_damage,3283209030,evidence_guided_predictive_disagreement,0,portfolio_3f95ccc0f0ca3523,0.0016671143386722705,0.0006940522317799105,0,False,equivalent_candidates_predict_similarly,2,0.005648564867303522
XFER-THERMAL-01,thermal_damage,3283209030,no_acquisition,0,portfolio_cab49e74ec2f5e44,0.006001085207005587,0.0018067838089852579,0,False,insufficient_validation_equivalent_candidates,1,0.0
XFER-THERMAL-01,thermal_damage,3283209030,conditional_space_filling,0,portfolio_cab49e74ec2f5e44,0.006001085207005587,0.0018067838089852579,0,False,insufficient_validation_equivalent_candidates,1,0.0
XFER-THERMAL-01,thermal_damage,3283209030,evidence_guided_predictive_disagreement,0,portfolio_cab49e74ec2f5e44,0.006001085207005587,0.0018067838089852579,0,False,insufficient_validation_equivalent_candidates,1,0.0
