task_id,mechanism_class,data_seed,strategy,selected_proposal_id,selected_source_labels,selected_formula,validation_rmse,locked_rmse,baseline_locked_rmse,normalized_locked_rmse,complexity,stability_violations,corrected_behavior_recovered,acquisitions_used,initial_gate_triggered,final_ambiguity_class,final_equivalent_candidate_count,final_normalized_maximum_pairwise_rmse,strict_structure_candidate_covered,strict_structure_reached_final_stage,selected_strict_structure
XFER-CREEP-01,creep,1936607229,no_acquisition,portfolio_5e001582c80e98e7,fit_feedback_llm,M_base(x) + (c7 * x2 * (1 - exp((-(c8) * x1)))),0.0016356843785056369,0.00021277073928706395,0.19798997061680748,0.0010746541283086675,10,0,True,0,False,prediction_equivalent,2,0.3212900800937898,True,True,True
XFER-CREEP-01,creep,1936607229,conditional_space_filling,portfolio_5e001582c80e98e7,fit_feedback_llm,M_base(x) + (c7 * x2 * (1 - exp((-(c8) * x1)))),0.0016356843785056369,0.00021277073928706395,0.19798997061680748,0.0010746541283086675,10,0,True,0,False,prediction_equivalent,2,0.3212900800937898,True,True,True
XFER-CREEP-01,creep,1936607229,evidence_guided_predictive_disagreement,portfolio_5e001582c80e98e7,fit_feedback_llm,M_base(x) + (c7 * x2 * (1 - exp((-(c8) * x1)))),0.0016356843785056369,0.00021277073928706395,0.19798997061680748,0.0010746541283086675,10,0,True,0,False,prediction_equivalent,2,0.3212900800937898,True,True,True
XFER-PERM-01,permeability,1936607229,no_acquisition,portfolio_c1f71f1dc5d1b411,fit_feedback_llm,M_base(x) * (1 / (1 + (p0 * x1) + (p1 * (x1 ^ 2)))),0.004995730005133128,0.0011726331595642567,0.25748271909624276,0.004554220817925827,12,0,True,0,False,prediction_equivalent,2,0.26226106892730683,True,False,False
XFER-PERM-01,permeability,1936607229,conditional_space_filling,portfolio_c1f71f1dc5d1b411,fit_feedback_llm,M_base(x) * (1 / (1 + (p0 * x1) + (p1 * (x1 ^ 2)))),0.004995730005133128,0.0011726331595642567,0.25748271909624276,0.004554220817925827,12,0,True,0,False,prediction_equivalent,2,0.26226106892730683,True,False,False
XFER-PERM-01,permeability,1936607229,evidence_guided_predictive_disagreement,portfolio_c1f71f1dc5d1b411,fit_feedback_llm,M_base(x) * (1 / (1 + (p0 * x1) + (p1 * (x1 ^ 2)))),0.004995730005133128,0.0011726331595642567,0.25748271909624276,0.004554220817925827,12,0,True,0,False,prediction_equivalent,2,0.26226106892730683,True,False,False
XFER-CYCLIC-01,cyclic_damage,1936607229,no_acquisition,portfolio_e5c76560a5eca862,pysr,M_base(x) + (x2 * x2 * x1 * tanh(x1) * pysr_coefficient_1),0.0012094051772714312,0.0006479857458470842,0.03405460373163667,0.019027845719582003,7,0,True,0,False,prediction_equivalent,2,0.6688258887765133,False,False,False
XFER-CYCLIC-01,cyclic_damage,1936607229,conditional_space_filling,portfolio_e5c76560a5eca862,pysr,M_base(x) + (x2 * x2 * x1 * tanh(x1) * pysr_coefficient_1),0.0012094051772714312,0.0006479857458470842,0.03405460373163667,0.019027845719582003,7,0,True,0,False,prediction_equivalent,2,0.6688258887765133,False,False,False
XFER-CYCLIC-01,cyclic_damage,1936607229,evidence_guided_predictive_disagreement,portfolio_e5c76560a5eca862,pysr,M_base(x) + (x2 * x2 * x1 * tanh(x1) * pysr_coefficient_1),0.0012094051772714312,0.0006479857458470842,0.03405460373163667,0.019027845719582003,7,0,True,0,False,prediction_equivalent,2,0.6688258887765133,False,False,False
XFER-THERMAL-01,thermal_damage,1936607229,no_acquisition,portfolio_0381c7bec88c1b5a,fit_feedback_llm+pysr,M_base(x) + (x1 * x1 * pysr_coefficient_1),0.05250339409106097,0.04891185747018122,0.19458903155063423,0.2513597867280295,4,0,False,0,False,prediction_equivalent,3,1.1438584927662165,False,False,False
XFER-THERMAL-01,thermal_damage,1936607229,conditional_space_filling,portfolio_0381c7bec88c1b5a,fit_feedback_llm+pysr,M_base(x) + (x1 * x1 * pysr_coefficient_1),0.05250339409106097,0.04891185747018122,0.19458903155063423,0.2513597867280295,4,0,False,0,False,prediction_equivalent,3,1.1438584927662165,False,False,False
XFER-THERMAL-01,thermal_damage,1936607229,evidence_guided_predictive_disagreement,portfolio_0381c7bec88c1b5a,fit_feedback_llm+pysr,M_base(x) + (x1 * x1 * pysr_coefficient_1),0.05250339409106097,0.04891185747018122,0.19458903155063423,0.2513597867280295,4,0,False,0,False,prediction_equivalent,3,1.1438584927662165,False,False,False
XFER-CREEP-01,creep,2324701358,no_acquisition,portfolio_4e1478dd7a506e78,pysr,M_base(x) + (x2 * pysr_coefficient_1 * sin(tanh(tanh(tanh((x1 ^ 0.889085)))))),0.0017675381605653624,0.00043042242557798384,0.19548728438230675,0.0022017924436262756,10,0,True,0,False,prediction_equivalent,2,0.33013145688531037,False,False,False
XFER-CREEP-01,creep,2324701358,conditional_space_filling,portfolio_4e1478dd7a506e78,pysr,M_base(x) + (x2 * pysr_coefficient_1 * sin(tanh(tanh(tanh((x1 ^ 0.889085)))))),0.0017675381605653624,0.00043042242557798384,0.19548728438230675,0.0022017924436262756,10,0,True,0,False,prediction_equivalent,2,0.33013145688531037,False,False,False
XFER-CREEP-01,creep,2324701358,evidence_guided_predictive_disagreement,portfolio_4e1478dd7a506e78,pysr,M_base(x) + (x2 * pysr_coefficient_1 * sin(tanh(tanh(tanh((x1 ^ 0.889085)))))),0.0017675381605653624,0.00043042242557798384,0.19548728438230675,0.0022017924436262756,10,0,True,0,False,prediction_equivalent,2,0.33013145688531037,False,False,False
XFER-PERM-01,permeability,2324701358,no_acquisition,portfolio_e5a1a7adc89df9d7,fit_feedback_llm,M_base(x) + (a6 * (exp(-((b3 * x1))) - 1)),0.007760311431453826,0.0011262564478114732,0.2549238309747096,0.0044180116213740975,9,0,True,0,False,prediction_equivalent,3,0.7070140710285356,True,True,True
XFER-PERM-01,permeability,2324701358,conditional_space_filling,portfolio_e5a1a7adc89df9d7,fit_feedback_llm,M_base(x) + (a6 * (exp(-((b3 * x1))) - 1)),0.007760311431453826,0.0011262564478114732,0.2549238309747096,0.0044180116213740975,9,0,True,0,False,prediction_equivalent,3,0.7070140710285356,True,True,True
XFER-PERM-01,permeability,2324701358,evidence_guided_predictive_disagreement,portfolio_e5a1a7adc89df9d7,fit_feedback_llm,M_base(x) + (a6 * (exp(-((b3 * x1))) - 1)),0.007760311431453826,0.0011262564478114732,0.2549238309747096,0.0044180116213740975,9,0,True,0,False,prediction_equivalent,3,0.7070140710285356,True,True,True
XFER-CYCLIC-01,cyclic_damage,2324701358,no_acquisition,portfolio_9fa65cd6dc47629a,pysr,M_base(x) + (x1 * tanh((x2 * x2 * (pysr_coefficient_1 ^ -1))) * ((pysr_coefficient_2 * (tanh((x1 + pysr_coefficient_3)) ^ -1)) ^ -1) * pysr_coefficient_4),0.0018655496070840187,0.0006755299327035987,0.03151898470707046,0.021432477568100766,20,0,True,0,False,identified_singleton,1,0.0,False,False,False
XFER-CYCLIC-01,cyclic_damage,2324701358,conditional_space_filling,portfolio_9fa65cd6dc47629a,pysr,M_base(x) + (x1 * tanh((x2 * x2 * (pysr_coefficient_1 ^ -1))) * ((pysr_coefficient_2 * (tanh((x1 + pysr_coefficient_3)) ^ -1)) ^ -1) * pysr_coefficient_4),0.0018655496070840187,0.0006755299327035987,0.03151898470707046,0.021432477568100766,20,0,True,0,False,identified_singleton,1,0.0,False,False,False
XFER-CYCLIC-01,cyclic_damage,2324701358,evidence_guided_predictive_disagreement,portfolio_9fa65cd6dc47629a,pysr,M_base(x) + (x1 * tanh((x2 * x2 * (pysr_coefficient_1 ^ -1))) * ((pysr_coefficient_2 * (tanh((x1 + pysr_coefficient_3)) ^ -1)) ^ -1) * pysr_coefficient_4),0.0018655496070840187,0.0006755299327035987,0.03151898470707046,0.021432477568100766,20,0,True,0,False,identified_singleton,1,0.0,False,False,False
XFER-THERMAL-01,thermal_damage,2324701358,no_acquisition,portfolio_bd8afc473c872934,pysr,M_base(x) + (pysr_coefficient_1 * (x1 ^ 2) * exp((-1 * tanh((pysr_coefficient_2 * x2))))),0.005649936023278722,0.0014708783006338211,0.18760674332424535,0.007840220850119796,12,0,True,0,False,prediction_equivalent,2,0.16432895524618987,False,False,False
XFER-THERMAL-01,thermal_damage,2324701358,conditional_space_filling,portfolio_bd8afc473c872934,pysr,M_base(x) + (pysr_coefficient_1 * (x1 ^ 2) * exp((-1 * tanh((pysr_coefficient_2 * x2))))),0.005649936023278722,0.0014708783006338211,0.18760674332424535,0.007840220850119796,12,0,True,0,False,prediction_equivalent,2,0.16432895524618987,False,False,False
XFER-THERMAL-01,thermal_damage,2324701358,evidence_guided_predictive_disagreement,portfolio_bd8afc473c872934,pysr,M_base(x) + (pysr_coefficient_1 * (x1 ^ 2) * exp((-1 * tanh((pysr_coefficient_2 * x2))))),0.005649936023278722,0.0014708783006338211,0.18760674332424535,0.007840220850119796,12,0,True,0,False,prediction_equivalent,2,0.16432895524618987,False,False,False
XFER-CREEP-01,creep,1090645961,no_acquisition,portfolio_edacc189fb2b2ab3,pysr,M_base(x) + (tanh((x1 + tanh(tanh(tanh(tanh(x1)))))) * pysr_coefficient_1 * x2),0.0019396358050545951,0.0010965196935962243,0.19681354481599772,0.005571362959908922,11,0,True,0,False,identified_singleton,1,0.0,True,False,False
XFER-CREEP-01,creep,1090645961,conditional_space_filling,portfolio_edacc189fb2b2ab3,pysr,M_base(x) + (tanh((x1 + tanh(tanh(tanh(tanh(x1)))))) * pysr_coefficient_1 * x2),0.0019396358050545951,0.0010965196935962243,0.19681354481599772,0.005571362959908922,11,0,True,0,False,identified_singleton,1,0.0,True,False,False
XFER-CREEP-01,creep,1090645961,evidence_guided_predictive_disagreement,portfolio_edacc189fb2b2ab3,pysr,M_base(x) + (tanh((x1 + tanh(tanh(tanh(tanh(x1)))))) * pysr_coefficient_1 * x2),0.0019396358050545951,0.0010965196935962243,0.19681354481599772,0.005571362959908922,11,0,True,0,False,identified_singleton,1,0.0,True,False,False
XFER-PERM-01,permeability,1090645961,no_acquisition,portfolio_d5e1fd2bfa25d18e,pysr,M_base(x) + (((x1 ^ 1.17085) * pysr_coefficient_1) + (-1 * x1) + (-1 * (x1 * pysr_coefficient_2))),0.006265812830290878,0.0007910353597892677,0.25889195223879363,0.0030554652353953515,14,0,True,0,False,prediction_equivalent,3,0.25140393587599985,False,False,False
XFER-PERM-01,permeability,1090645961,conditional_space_filling,portfolio_d5e1fd2bfa25d18e,pysr,M_base(x) + (((x1 ^ 1.17085) * pysr_coefficient_1) + (-1 * x1) + (-1 * (x1 * pysr_coefficient_2))),0.006265812830290878,0.0007910353597892677,0.25889195223879363,0.0030554652353953515,14,0,True,0,False,prediction_equivalent,3,0.25140393587599985,False,False,False
XFER-PERM-01,permeability,1090645961,evidence_guided_predictive_disagreement,portfolio_d5e1fd2bfa25d18e,pysr,M_base(x) + (((x1 ^ 1.17085) * pysr_coefficient_1) + (-1 * x1) + (-1 * (x1 * pysr_coefficient_2))),0.006265812830290878,0.0007910353597892677,0.25889195223879363,0.0030554652353953515,14,0,True,0,False,prediction_equivalent,3,0.25140393587599985,False,False,False
XFER-CYCLIC-01,cyclic_damage,1090645961,no_acquisition,portfolio_f71c6ac9695309a2,pysr,M_base(x) + (tanh(((x1 + ((x1 + pysr_coefficient_1) * pysr_coefficient_2)) * pysr_coefficient_3)) * pysr_coefficient_4 * x2 * (x1 + x1) * x2),0.0012372492050218959,0.0003169199299476413,0.03271451995399032,0.009687439412021244,17,0,True,0,False,prediction_equivalent,2,0.14565412951513332,False,False,False
XFER-CYCLIC-01,cyclic_damage,1090645961,conditional_space_filling,portfolio_f71c6ac9695309a2,pysr,M_base(x) + (tanh(((x1 + ((x1 + pysr_coefficient_1) * pysr_coefficient_2)) * pysr_coefficient_3)) * pysr_coefficient_4 * x2 * (x1 + x1) * x2),0.0012372492050218959,0.0003169199299476413,0.03271451995399032,0.009687439412021244,17,0,True,0,False,prediction_equivalent,2,0.14565412951513332,False,False,False
XFER-CYCLIC-01,cyclic_damage,1090645961,evidence_guided_predictive_disagreement,portfolio_f71c6ac9695309a2,pysr,M_base(x) + (tanh(((x1 + ((x1 + pysr_coefficient_1) * pysr_coefficient_2)) * pysr_coefficient_3)) * pysr_coefficient_4 * x2 * (x1 + x1) * x2),0.0012372492050218959,0.0003169199299476413,0.03271451995399032,0.009687439412021244,17,0,True,0,False,prediction_equivalent,2,0.14565412951513332,False,False,False
XFER-THERMAL-01,thermal_damage,1090645961,no_acquisition,portfolio_8c893d74095a35d3,pysr,M_base(x) + (x1 * (sin((x2 * (pysr_coefficient_1 ^ -1))) + pysr_coefficient_2) * pysr_coefficient_3 * x1),0.005816275336300259,0.0031827569432325326,0.1844017989773142,0.017259901806186213,12,0,True,0,False,identified_singleton,1,0.0,False,False,False
XFER-THERMAL-01,thermal_damage,1090645961,conditional_space_filling,portfolio_8c893d74095a35d3,pysr,M_base(x) + (x1 * (sin((x2 * (pysr_coefficient_1 ^ -1))) + pysr_coefficient_2) * pysr_coefficient_3 * x1),0.005816275336300259,0.0031827569432325326,0.1844017989773142,0.017259901806186213,12,0,True,0,False,identified_singleton,1,0.0,False,False,False
XFER-THERMAL-01,thermal_damage,1090645961,evidence_guided_predictive_disagreement,portfolio_8c893d74095a35d3,pysr,M_base(x) + (x1 * (sin((x2 * (pysr_coefficient_1 ^ -1))) + pysr_coefficient_2) * pysr_coefficient_3 * x1),0.005816275336300259,0.0031827569432325326,0.1844017989773142,0.017259901806186213,12,0,True,0,False,identified_singleton,1,0.0,False,False,False
XFER-CREEP-01,creep,2164999260,no_acquisition,portfolio_6357bd811dd86672,fit_feedback_llm,M_base(x) + (p0 * x2 * tanh((p1 * (x1 ^ p2)))),0.002056598720045016,0.00075568727313885,0.19229379912302189,0.003929857731165796,9,0,True,0,False,prediction_equivalent,2,0.3029362826480221,False,False,False
XFER-CREEP-01,creep,2164999260,conditional_space_filling,portfolio_6357bd811dd86672,fit_feedback_llm,M_base(x) + (p0 * x2 * tanh((p1 * (x1 ^ p2)))),0.002056598720045016,0.00075568727313885,0.19229379912302189,0.003929857731165796,9,0,True,0,False,prediction_equivalent,2,0.3029362826480221,False,False,False
XFER-CREEP-01,creep,2164999260,evidence_guided_predictive_disagreement,portfolio_6357bd811dd86672,fit_feedback_llm,M_base(x) + (p0 * x2 * tanh((p1 * (x1 ^ p2)))),0.002056598720045016,0.00075568727313885,0.19229379912302189,0.003929857731165796,9,0,True,0,False,prediction_equivalent,2,0.3029362826480221,False,False,False
XFER-PERM-01,permeability,2164999260,no_acquisition,portfolio_ed7508e8a47eec24,pysr,M_base(x) + (tanh(x1) * pysr_coefficient_1),0.00587565305234761,0.00523754696198752,0.2556945595960406,0.020483607356613556,4,0,True,0,False,prediction_equivalent,2,0.5160816751922145,True,False,False
XFER-PERM-01,permeability,2164999260,conditional_space_filling,portfolio_ed7508e8a47eec24,pysr,M_base(x) + (tanh(x1) * pysr_coefficient_1),0.00587565305234761,0.00523754696198752,0.2556945595960406,0.020483607356613556,4,0,True,0,False,prediction_equivalent,2,0.5160816751922145,True,False,False
XFER-PERM-01,permeability,2164999260,evidence_guided_predictive_disagreement,portfolio_ed7508e8a47eec24,pysr,M_base(x) + (tanh(x1) * pysr_coefficient_1),0.00587565305234761,0.00523754696198752,0.2556945595960406,0.020483607356613556,4,0,True,0,False,prediction_equivalent,2,0.5160816751922145,True,False,False
XFER-CYCLIC-01,cyclic_damage,2164999260,no_acquisition,portfolio_051605aaaff8eac3,fit_feedback_llm,M_base(x) + (p0 * (x1 ^ p1) * (x2 ^ p2)),0.0014542665297911817,0.0007467549666205058,0.033452538486968,0.022322819146039303,8,0,True,0,False,identified_singleton,1,0.0,False,False,False
XFER-CYCLIC-01,cyclic_damage,2164999260,conditional_space_filling,portfolio_051605aaaff8eac3,fit_feedback_llm,M_base(x) + (p0 * (x1 ^ p1) * (x2 ^ p2)),0.0014542665297911817,0.0007467549666205058,0.033452538486968,0.022322819146039303,8,0,True,0,False,identified_singleton,1,0.0,False,False,False
XFER-CYCLIC-01,cyclic_damage,2164999260,evidence_guided_predictive_disagreement,portfolio_051605aaaff8eac3,fit_feedback_llm,M_base(x) + (p0 * (x1 ^ p1) * (x2 ^ p2)),0.0014542665297911817,0.0007467549666205058,0.033452538486968,0.022322819146039303,8,0,True,0,False,identified_singleton,1,0.0,False,False,False
XFER-THERMAL-01,thermal_damage,2164999260,no_acquisition,portfolio_d8bdcedcaba5de17,pysr,M_base(x) + (x1 * x1 * ((x2 * pysr_coefficient_1) + (-1 * pysr_coefficient_2))),0.008952433196830601,0.00912485282325125,0.18236724150592074,0.050035591633133314,10,0,True,0,False,prediction_equivalent,2,0.021017197076764093,False,False,False
XFER-THERMAL-01,thermal_damage,2164999260,conditional_space_filling,portfolio_d8bdcedcaba5de17,pysr,M_base(x) + (x1 * x1 * ((x2 * pysr_coefficient_1) + (-1 * pysr_coefficient_2))),0.008952433196830601,0.00912485282325125,0.18236724150592074,0.050035591633133314,10,0,True,0,False,prediction_equivalent,2,0.021017197076764093,False,False,False
XFER-THERMAL-01,thermal_damage,2164999260,evidence_guided_predictive_disagreement,portfolio_d8bdcedcaba5de17,pysr,M_base(x) + (x1 * x1 * ((x2 * pysr_coefficient_1) + (-1 * pysr_coefficient_2))),0.008952433196830601,0.00912485282325125,0.18236724150592074,0.050035591633133314,10,0,True,0,False,prediction_equivalent,2,0.021017197076764093,False,False,False
XFER-CREEP-01,creep,3799979468,no_acquisition,portfolio_c7ef84498d9b01a6,pysr,M_base(x) + ((pysr_coefficient_1 * x1 * x2) / (pysr_coefficient_2 + (pysr_coefficient_3 * x1))),0.004597344862317005,0.004994292445512886,0.19341713994932705,0.02582135402695609,10,0,True,0,False,identified_singleton,1,0.0,True,False,False
XFER-CREEP-01,creep,3799979468,conditional_space_filling,portfolio_c7ef84498d9b01a6,pysr,M_base(x) + ((pysr_coefficient_1 * x1 * x2) / (pysr_coefficient_2 + (pysr_coefficient_3 * x1))),0.004597344862317005,0.004994292445512886,0.19341713994932705,0.02582135402695609,10,0,True,0,False,identified_singleton,1,0.0,True,False,False
XFER-CREEP-01,creep,3799979468,evidence_guided_predictive_disagreement,portfolio_c7ef84498d9b01a6,pysr,M_base(x) + ((pysr_coefficient_1 * x1 * x2) / (pysr_coefficient_2 + (pysr_coefficient_3 * x1))),0.004597344862317005,0.004994292445512886,0.19341713994932705,0.02582135402695609,10,0,True,0,False,identified_singleton,1,0.0,True,False,False
XFER-PERM-01,permeability,3799979468,no_acquisition,portfolio_b347cb206c3d2b52,fit_feedback_llm,M_base(x) + (p0 * (x1 ^ p1) * exp((p2 * x1))),0.006458669484437218,0.0013008788984982126,0.25657683058115277,0.005070133946045285,9,0,True,0,False,prediction_equivalent,3,0.22122919106862599,False,False,False
XFER-PERM-01,permeability,3799979468,conditional_space_filling,portfolio_b347cb206c3d2b52,fit_feedback_llm,M_base(x) + (p0 * (x1 ^ p1) * exp((p2 * x1))),0.006458669484437218,0.0013008788984982126,0.25657683058115277,0.005070133946045285,9,0,True,0,False,prediction_equivalent,3,0.22122919106862599,False,False,False
XFER-PERM-01,permeability,3799979468,evidence_guided_predictive_disagreement,portfolio_b347cb206c3d2b52,fit_feedback_llm,M_base(x) + (p0 * (x1 ^ p1) * exp((p2 * x1))),0.006458669484437218,0.0013008788984982126,0.25657683058115277,0.005070133946045285,9,0,True,0,False,prediction_equivalent,3,0.22122919106862599,False,False,False
XFER-CYCLIC-01,cyclic_damage,3799979468,no_acquisition,portfolio_e5c76560a5eca862,pysr,M_base(x) + (x2 * x2 * pysr_coefficient_1 * tanh(x1) * x1),0.0014892882857196305,0.0006593275823055211,0.03182185871301346,0.02071932969886171,7,0,True,0,False,prediction_equivalent,3,0.3772696826994355,False,False,False
XFER-CYCLIC-01,cyclic_damage,3799979468,conditional_space_filling,portfolio_e5c76560a5eca862,pysr,M_base(x) + (x2 * x2 * pysr_coefficient_1 * tanh(x1) * x1),0.0014892882857196305,0.0006593275823055211,0.03182185871301346,0.02071932969886171,7,0,True,0,False,prediction_equivalent,3,0.3772696826994355,False,False,False
XFER-CYCLIC-01,cyclic_damage,3799979468,evidence_guided_predictive_disagreement,portfolio_e5c76560a5eca862,pysr,M_base(x) + (x2 * x2 * pysr_coefficient_1 * tanh(x1) * x1),0.0014892882857196305,0.0006593275823055211,0.03182185871301346,0.02071932969886171,7,0,True,0,False,prediction_equivalent,3,0.3772696826994355,False,False,False
XFER-THERMAL-01,thermal_damage,3799979468,no_acquisition,portfolio_87ef16c1f3c18d4b,pysr,M_base(x) + (x1 * x1 * exp((x2 * pysr_coefficient_1)) * pysr_coefficient_2),0.009095605859149192,0.004929047688548393,0.19109985241546798,0.025793048117233538,8,0,True,0,False,prediction_equivalent,3,0.018559019061602636,False,False,False
XFER-THERMAL-01,thermal_damage,3799979468,conditional_space_filling,portfolio_87ef16c1f3c18d4b,pysr,M_base(x) + (x1 * x1 * exp((x2 * pysr_coefficient_1)) * pysr_coefficient_2),0.009095605859149192,0.004929047688548393,0.19109985241546798,0.025793048117233538,8,0,True,0,False,prediction_equivalent,3,0.018559019061602636,False,False,False
XFER-THERMAL-01,thermal_damage,3799979468,evidence_guided_predictive_disagreement,portfolio_87ef16c1f3c18d4b,pysr,M_base(x) + (x1 * x1 * exp((x2 * pysr_coefficient_1)) * pysr_coefficient_2),0.009095605859149192,0.004929047688548393,0.19109985241546798,0.025793048117233538,8,0,True,0,False,prediction_equivalent,3,0.018559019061602636,False,False,False
XFER-CREEP-01,creep,233033901,no_acquisition,portfolio_0836f312f112038f,fit_feedback_llm,M_base(x) + (a_exp * x2 * (1 - exp(-((b_exp * x1))))),0.0019347645733390339,0.0003688490247708006,0.1869285970920725,0.0019732081153378714,10,0,True,0,False,identified_singleton,1,0.0,True,True,True
XFER-CREEP-01,creep,233033901,conditional_space_filling,portfolio_0836f312f112038f,fit_feedback_llm,M_base(x) + (a_exp * x2 * (1 - exp(-((b_exp * x1))))),0.0019347645733390339,0.0003688490247708006,0.1869285970920725,0.0019732081153378714,10,0,True,0,False,identified_singleton,1,0.0,True,True,True
XFER-CREEP-01,creep,233033901,evidence_guided_predictive_disagreement,portfolio_0836f312f112038f,fit_feedback_llm,M_base(x) + (a_exp * x2 * (1 - exp(-((b_exp * x1))))),0.0019347645733390339,0.0003688490247708006,0.1869285970920725,0.0019732081153378714,10,0,True,0,False,identified_singleton,1,0.0,True,True,True
XFER-PERM-01,permeability,233033901,no_acquisition,portfolio_d2b632acfb9bb418,fit_feedback_llm,M_base(x) + -((p0 * tanh((p1 * (x1 ^ p2))))),0.005578652404945591,0.0010508575707781074,0.2567663142058772,0.0040926613525149634,9,0,True,0,False,prediction_equivalent,3,0.20657708157229673,True,False,False
XFER-PERM-01,permeability,233033901,conditional_space_filling,portfolio_d2b632acfb9bb418,fit_feedback_llm,M_base(x) + -((p0 * tanh((p1 * (x1 ^ p2))))),0.005578652404945591,0.0010508575707781074,0.2567663142058772,0.0040926613525149634,9,0,True,0,False,prediction_equivalent,3,0.20657708157229673,True,False,False
XFER-PERM-01,permeability,233033901,evidence_guided_predictive_disagreement,portfolio_d2b632acfb9bb418,fit_feedback_llm,M_base(x) + -((p0 * tanh((p1 * (x1 ^ p2))))),0.005578652404945591,0.0010508575707781074,0.2567663142058772,0.0040926613525149634,9,0,True,0,False,prediction_equivalent,3,0.20657708157229673,True,False,False
XFER-CYCLIC-01,cyclic_damage,233033901,no_acquisition,portfolio_64f76ba5c092a2e9,pysr,M_base(x) + (x2 * tanh(tanh(((x1 ^ 1.37535) * x2 * pysr_coefficient_1)))),0.0016307745242896002,0.0004685630921195505,0.03189028627751121,0.014692972275071034,10,0,True,0,False,prediction_equivalent,3,0.0233521139054887,False,False,False
XFER-CYCLIC-01,cyclic_damage,233033901,conditional_space_filling,portfolio_64f76ba5c092a2e9,pysr,M_base(x) + (x2 * tanh(tanh(((x1 ^ 1.37535) * x2 * pysr_coefficient_1)))),0.0016307745242896002,0.0004685630921195505,0.03189028627751121,0.014692972275071034,10,0,True,0,False,prediction_equivalent,3,0.0233521139054887,False,False,False
XFER-CYCLIC-01,cyclic_damage,233033901,evidence_guided_predictive_disagreement,portfolio_64f76ba5c092a2e9,pysr,M_base(x) + (x2 * tanh(tanh(((x1 ^ 1.37535) * x2 * pysr_coefficient_1)))),0.0016307745242896002,0.0004685630921195505,0.03189028627751121,0.014692972275071034,10,0,True,0,False,prediction_equivalent,3,0.0233521139054887,False,False,False
XFER-THERMAL-01,thermal_damage,233033901,no_acquisition,portfolio_2809d0a86327678a,pysr,M_base(x) + (sin((((x2 * pysr_coefficient_1 * ((x2 + pysr_coefficient_2) ^ -1)) + pysr_coefficient_3) * pysr_coefficient_4)) * x1 * x1),0.006203798765501989,0.0016415670793050573,0.19090847481590442,0.00859871245049777,16,0,True,0,False,prediction_equivalent,2,0.0020929382523952236,False,False,False
XFER-THERMAL-01,thermal_damage,233033901,conditional_space_filling,portfolio_2809d0a86327678a,pysr,M_base(x) + (sin((((x2 * pysr_coefficient_1 * ((x2 + pysr_coefficient_2) ^ -1)) + pysr_coefficient_3) * pysr_coefficient_4)) * x1 * x1),0.006203798765501989,0.0016415670793050573,0.19090847481590442,0.00859871245049777,16,0,True,0,False,prediction_equivalent,2,0.0020929382523952236,False,False,False
XFER-THERMAL-01,thermal_damage,233033901,evidence_guided_predictive_disagreement,portfolio_2809d0a86327678a,pysr,M_base(x) + (sin((((x2 * pysr_coefficient_1 * ((x2 + pysr_coefficient_2) ^ -1)) + pysr_coefficient_3) * pysr_coefficient_4)) * x1 * x1),0.006203798765501989,0.0016415670793050573,0.19090847481590442,0.00859871245049777,16,0,True,0,False,prediction_equivalent,2,0.0020929382523952236,False,False,False
XFER-CREEP-01,creep,240857411,no_acquisition,portfolio_a4ead89773e2e88b,pysr,M_base(x) + (tanh(tanh((x1 * (pysr_coefficient_1 ^ -1)))) * x2 * pysr_coefficient_2),0.0028752981197108897,0.0027422205661511404,0.19129141202160824,0.014335304116221274,10,0,True,0,False,prediction_equivalent,3,0.24795695503332035,True,False,False
XFER-CREEP-01,creep,240857411,conditional_space_filling,portfolio_a4ead89773e2e88b,pysr,M_base(x) + (tanh(tanh((x1 * (pysr_coefficient_1 ^ -1)))) * x2 * pysr_coefficient_2),0.0028752981197108897,0.0027422205661511404,0.19129141202160824,0.014335304116221274,10,0,True,0,False,prediction_equivalent,3,0.24795695503332035,True,False,False
XFER-CREEP-01,creep,240857411,evidence_guided_predictive_disagreement,portfolio_a4ead89773e2e88b,pysr,M_base(x) + (tanh(tanh((x1 * (pysr_coefficient_1 ^ -1)))) * x2 * pysr_coefficient_2),0.0028752981197108897,0.0027422205661511404,0.19129141202160824,0.014335304116221274,10,0,True,0,False,prediction_equivalent,3,0.24795695503332035,True,False,False
XFER-PERM-01,permeability,240857411,no_acquisition,portfolio_8094584d8a915ff7,fit_feedback_llm,M_base(x) + (a * (exp((b * x1)) - 1)),0.005393652815704179,0.001412283379711007,0.2545138830463039,0.005548944375085697,8,0,True,0,False,prediction_equivalent,3,0.29378520236288286,True,True,True
XFER-PERM-01,permeability,240857411,conditional_space_filling,portfolio_8094584d8a915ff7,fit_feedback_llm,M_base(x) + (a * (exp((b * x1)) - 1)),0.005393652815704179,0.001412283379711007,0.2545138830463039,0.005548944375085697,8,0,True,0,False,prediction_equivalent,3,0.29378520236288286,True,True,True
XFER-PERM-01,permeability,240857411,evidence_guided_predictive_disagreement,portfolio_8094584d8a915ff7,fit_feedback_llm,M_base(x) + (a * (exp((b * x1)) - 1)),0.005393652815704179,0.001412283379711007,0.2545138830463039,0.005548944375085697,8,0,True,0,False,prediction_equivalent,3,0.29378520236288286,True,True,True
XFER-CYCLIC-01,cyclic_damage,240857411,no_acquisition,portfolio_3a775344072f3340,pysr,M_base(x) + ((x1 ^ 1.35899) * x2 * x2 * pysr_coefficient_1),0.0014397395778557645,0.0005155373401379851,0.0334143335382186,0.015428628541949655,7,0,True,0,False,prediction_equivalent,3,0.1415474828465127,False,False,False
XFER-CYCLIC-01,cyclic_damage,240857411,conditional_space_filling,portfolio_3a775344072f3340,pysr,M_base(x) + ((x1 ^ 1.35899) * x2 * x2 * pysr_coefficient_1),0.0014397395778557645,0.0005155373401379851,0.0334143335382186,0.015428628541949655,7,0,True,0,False,prediction_equivalent,3,0.1415474828465127,False,False,False
XFER-CYCLIC-01,cyclic_damage,240857411,evidence_guided_predictive_disagreement,portfolio_3a775344072f3340,pysr,M_base(x) + ((x1 ^ 1.35899) * x2 * x2 * pysr_coefficient_1),0.0014397395778557645,0.0005155373401379851,0.0334143335382186,0.015428628541949655,7,0,True,0,False,prediction_equivalent,3,0.1415474828465127,False,False,False
XFER-THERMAL-01,thermal_damage,240857411,no_acquisition,portfolio_de83a8bbfb9ea154,pysr,M_base(x) + (exp(exp((x2 * pysr_coefficient_1))) * (pysr_coefficient_2 ^ -1) * pysr_coefficient_3 * x1 * x1),0.006963164598736603,0.004318595042262971,0.18050423370365826,0.023925173131135517,12,0,True,0,False,identified_singleton,1,0.0,False,False,False
XFER-THERMAL-01,thermal_damage,240857411,conditional_space_filling,portfolio_de83a8bbfb9ea154,pysr,M_base(x) + (exp(exp((x2 * pysr_coefficient_1))) * (pysr_coefficient_2 ^ -1) * pysr_coefficient_3 * x1 * x1),0.006963164598736603,0.004318595042262971,0.18050423370365826,0.023925173131135517,12,0,True,0,False,identified_singleton,1,0.0,False,False,False
XFER-THERMAL-01,thermal_damage,240857411,evidence_guided_predictive_disagreement,portfolio_de83a8bbfb9ea154,pysr,M_base(x) + (exp(exp((x2 * pysr_coefficient_1))) * (pysr_coefficient_2 ^ -1) * pysr_coefficient_3 * x1 * x1),0.006963164598736603,0.004318595042262971,0.18050423370365826,0.023925173131135517,12,0,True,0,False,identified_singleton,1,0.0,False,False,False
XFER-CREEP-01,creep,3283209030,no_acquisition,portfolio_42851308684d1787,pysr,M_base(x) + (tanh(tanh(tanh(tanh(((x1 * pysr_coefficient_1) + x1))))) * x2 * pysr_coefficient_2),0.0029757987623400197,0.0022333857197879164,0.19188235073236248,0.011639349378740116,12,0,True,0,False,prediction_equivalent,2,0.8095409717806744,False,False,False
XFER-CREEP-01,creep,3283209030,conditional_space_filling,portfolio_42851308684d1787,pysr,M_base(x) + (tanh(tanh(tanh(tanh(((x1 * pysr_coefficient_1) + x1))))) * x2 * pysr_coefficient_2),0.0029757987623400197,0.0022333857197879164,0.19188235073236248,0.011639349378740116,12,0,True,0,False,prediction_equivalent,2,0.8095409717806744,False,False,False
XFER-CREEP-01,creep,3283209030,evidence_guided_predictive_disagreement,portfolio_42851308684d1787,pysr,M_base(x) + (tanh(tanh(tanh(tanh(((x1 * pysr_coefficient_1) + x1))))) * x2 * pysr_coefficient_2),0.0029757987623400197,0.0022333857197879164,0.19188235073236248,0.011639349378740116,12,0,True,0,False,prediction_equivalent,2,0.8095409717806744,False,False,False
XFER-PERM-01,permeability,3283209030,no_acquisition,portfolio_ef36a17bb05e52fd,pysr,M_base(x) + (tanh(((x1 ^ 0.848489) * pysr_coefficient_1)) * pysr_coefficient_2),0.006325952459669163,0.0006029347120202541,0.25507014880126816,0.0023637995855407463,8,0,True,0,False,prediction_equivalent,3,0.11074798015109989,True,False,False
XFER-PERM-01,permeability,3283209030,conditional_space_filling,portfolio_ef36a17bb05e52fd,pysr,M_base(x) + (tanh(((x1 ^ 0.848489) * pysr_coefficient_1)) * pysr_coefficient_2),0.006325952459669163,0.0006029347120202541,0.25507014880126816,0.0023637995855407463,8,0,True,0,False,prediction_equivalent,3,0.11074798015109989,True,False,False
XFER-PERM-01,permeability,3283209030,evidence_guided_predictive_disagreement,portfolio_ef36a17bb05e52fd,pysr,M_base(x) + (tanh(((x1 ^ 0.848489) * pysr_coefficient_1)) * pysr_coefficient_2),0.006325952459669163,0.0006029347120202541,0.25507014880126816,0.0023637995855407463,8,0,True,0,False,prediction_equivalent,3,0.11074798015109989,True,False,False
XFER-CYCLIC-01,cyclic_damage,3283209030,no_acquisition,portfolio_3f95ccc0f0ca3523,pysr,M_base(x) + (((x1 * pysr_coefficient_1 * x1) + (sin(x1) * pysr_coefficient_2)) * x2 * x2),0.0016671143386722705,0.0006940522317799105,0.03502480473659168,0.019816020017802097,12,0,True,0,False,prediction_equivalent,2,0.005648564876376963,False,False,False
XFER-CYCLIC-01,cyclic_damage,3283209030,conditional_space_filling,portfolio_3f95ccc0f0ca3523,pysr,M_base(x) + (((x1 * pysr_coefficient_1 * x1) + (sin(x1) * pysr_coefficient_2)) * x2 * x2),0.0016671143386722705,0.0006940522317799105,0.03502480473659168,0.019816020017802097,12,0,True,0,False,prediction_equivalent,2,0.005648564876376963,False,False,False
XFER-CYCLIC-01,cyclic_damage,3283209030,evidence_guided_predictive_disagreement,portfolio_3f95ccc0f0ca3523,pysr,M_base(x) + (((x1 * pysr_coefficient_1 * x1) + (sin(x1) * pysr_coefficient_2)) * x2 * x2),0.0016671143386722705,0.0006940522317799105,0.03502480473659168,0.019816020017802097,12,0,True,0,False,prediction_equivalent,2,0.005648564876376963,False,False,False
XFER-THERMAL-01,thermal_damage,3283209030,no_acquisition,portfolio_cab49e74ec2f5e44,pysr,M_base(x) + (exp(tanh((x2 * pysr_coefficient_1))) * x1 * x1 * pysr_coefficient_2),0.006001085207005587,0.0018067838089852579,0.18076036703425163,0.009995464374349809,9,0,True,0,False,identified_singleton,1,0.0,False,False,False
XFER-THERMAL-01,thermal_damage,3283209030,conditional_space_filling,portfolio_cab49e74ec2f5e44,pysr,M_base(x) + (exp(tanh((x2 * pysr_coefficient_1))) * x1 * x1 * pysr_coefficient_2),0.006001085207005587,0.0018067838089852579,0.18076036703425163,0.009995464374349809,9,0,True,0,False,identified_singleton,1,0.0,False,False,False
XFER-THERMAL-01,thermal_damage,3283209030,evidence_guided_predictive_disagreement,portfolio_cab49e74ec2f5e44,pysr,M_base(x) + (exp(tanh((x2 * pysr_coefficient_1))) * x1 * x1 * pysr_coefficient_2),0.006001085207005587,0.0018067838089852579,0.18076036703425163,0.009995464374349809,9,0,True,0,False,identified_singleton,1,0.0,False,False,False
