task_id,mechanism_class,data_seed,strategy,selected_proposal_id,selected_source_labels,selected_formula,validation_rmse,locked_rmse,baseline_locked_rmse,normalized_locked_rmse,complexity,stability_violations,corrected_behavior_recovered,acquisitions_used,initial_gate_triggered,final_ambiguity_class,final_equivalent_candidate_count,final_equivalent_candidate_ids,final_normalized_maximum_pairwise_rmse,ambiguity_resolved_or_prediction_equivalent,further_active_query_indicated,recommended_query,stop_reason
XFER-CREEP-01,creep,4238863871,no_acquisition,portfolio_a4ead89773e2e88b,pysr,M_base(x) + (x2 * pysr_coefficient_1 * tanh(tanh((x1 * (pysr_coefficient_2 ^ -1))))),0.0023669582818467635,0.012137141268467565,0.1889239218458167,0.0642435386153631,10,0,False,0,False,prediction_equivalent,3,"[""portfolio_a4ead89773e2e88b"", ""portfolio_01052061f1386447"", ""portfolio_816618dc98ee4701""]",1.0139469862651938,False,False,{},equivalent_candidates_predict_similarly
XFER-CREEP-01,creep,4238863871,conditional_space_filling,portfolio_a4ead89773e2e88b,pysr,M_base(x) + (x2 * pysr_coefficient_1 * tanh(tanh((x1 * (pysr_coefficient_2 ^ -1))))),0.0023669582818467635,0.012137141268467565,0.1889239218458167,0.0642435386153631,10,0,False,0,False,prediction_equivalent,3,"[""portfolio_a4ead89773e2e88b"", ""portfolio_01052061f1386447"", ""portfolio_816618dc98ee4701""]",1.0139469862651938,False,False,{},equivalent_candidates_predict_similarly
XFER-CREEP-01,creep,4238863871,evidence_guided_predictive_disagreement,portfolio_a4ead89773e2e88b,pysr,M_base(x) + (x2 * pysr_coefficient_1 * tanh(tanh((x1 * (pysr_coefficient_2 ^ -1))))),0.0023669582818467635,0.012137141268467565,0.1889239218458167,0.0642435386153631,10,0,False,0,False,prediction_equivalent,3,"[""portfolio_a4ead89773e2e88b"", ""portfolio_01052061f1386447"", ""portfolio_816618dc98ee4701""]",1.0139469862651938,False,False,{},equivalent_candidates_predict_similarly
XFER-PERM-01,permeability,4238863871,no_acquisition,portfolio_c33470178ed18183,pysr,M_base(x) + (sin(tanh(x1)) * pysr_coefficient_1),0.005910808076734373,0.021665339214655917,0.25642852662794685,0.08448880278476287,5,0,False,0,True,structurally_ambiguous,3,"[""portfolio_c33470178ed18183"", ""portfolio_ba9ed8c83aa25f70"", ""portfolio_cadd33f9059f56be""]",29.318422234921524,False,True,"{""x1"": 2.192354055728262}",maximum_active_budget_reached
XFER-PERM-01,permeability,4238863871,conditional_space_filling,portfolio_ed7508e8a47eec24,pysr,M_base(x) + (tanh(x1) * pysr_coefficient_1),0.006383781295270379,0.005478265239967664,0.25642852662794685,0.021363712189151642,4,0,True,3,True,structurally_ambiguous,3,"[""portfolio_ed7508e8a47eec24"", ""portfolio_67c9adc4944da3f3"", ""portfolio_c33470178ed18183""]",9.84547645861292,False,True,"{""x1"": 2.1910287964885042}",maximum_active_budget_reached
XFER-PERM-01,permeability,4238863871,evidence_guided_predictive_disagreement,portfolio_ed7508e8a47eec24,pysr,M_base(x) + (tanh(x1) * pysr_coefficient_1),0.006444629068095549,0.006139398159525091,0.25642852662794685,0.023941946866281254,4,0,True,3,True,structurally_ambiguous,3,"[""portfolio_ed7508e8a47eec24"", ""portfolio_ba9ed8c83aa25f70"", ""portfolio_c33470178ed18183""]",7.772886882905859,False,True,"{""x1"": 1.3507428594866775}",maximum_active_budget_reached
XFER-CYCLIC-01,cyclic_damage,4238863871,no_acquisition,portfolio_fb142e9bda3837d7,pysr,M_base(x) + ((x2 ^ 2.14369) * x1 * pysr_coefficient_1),0.0018175328787332758,0.009830425900911306,0.038056454126585794,0.258311661622828,6,0,False,0,True,structurally_ambiguous,3,"[""portfolio_fb142e9bda3837d7"", ""portfolio_8de036b1aaa8d552"", ""portfolio_93488e518fc34807""]",23.858878537382406,False,True,"{""x1"": 2.1648264248982914, ""x2"": 1.0630833245579456}",maximum_active_budget_reached
XFER-CYCLIC-01,cyclic_damage,4238863871,conditional_space_filling,portfolio_d398a7106d8f139d,semantic_llm,M_base(x) * (1 + (c4 * x1)),0.0023151346313379315,0.010195768531768725,0.038056454126585794,0.2679116792608926,5,0,False,3,True,prediction_equivalent,3,"[""portfolio_d398a7106d8f139d"", ""portfolio_0740b27fbf634982"", ""portfolio_ff4680c7e7c35ea8""]",0.6919139741451094,True,False,{},maximum_active_budget_reached
XFER-CYCLIC-01,cyclic_damage,4238863871,evidence_guided_predictive_disagreement,portfolio_d398a7106d8f139d,semantic_llm,M_base(x) * (1 + (c4 * x1)),0.0022999998887207047,0.010278279896744508,0.038056454126585794,0.2700798099201844,5,0,False,3,True,structurally_ambiguous,3,"[""portfolio_d398a7106d8f139d"", ""portfolio_3f7d31539d95ec0e"", ""portfolio_8de036b1aaa8d552""]",8.144421868223638,False,True,"{""x1"": 2.188303191071576, ""x2"": 0.5363429447278893}",maximum_active_budget_reached
XFER-THERMAL-01,thermal_damage,4238863871,no_acquisition,portfolio_01cc2b7dd260a24c,pysr,M_base(x) + (x1 * pysr_coefficient_1 * (x1 + (-1 * x2) + tanh(x2))),0.0075101063103499375,0.026923432369964476,0.20071870629447286,0.1341351429919308,10,0,False,0,True,prediction_equivalent,3,"[""portfolio_01cc2b7dd260a24c"", ""portfolio_d274851147e6eb72"", ""portfolio_d47f0f130ef38661""]",1.509244088780139,True,False,{},maximum_active_budget_reached
XFER-THERMAL-01,thermal_damage,4238863871,conditional_space_filling,portfolio_7efab1aa18cea4f3,pysr,M_base(x) + sin((((pysr_coefficient_1 * x1) + (x1 * tanh(((x2 + pysr_coefficient_2) * x2)) * (pysr_coefficient_3 ^ -1) * pysr_coefficient_4)) * tanh((x1 ^ 1.18962)))),0.007674910166583897,0.025903514353706154,0.20071870629447286,0.12905381283049577,22,0,False,1,True,identified_singleton,1,"[""portfolio_7efab1aa18cea4f3""]",0.0,True,False,{},insufficient_validation_equivalent_candidates
XFER-THERMAL-01,thermal_damage,4238863871,evidence_guided_predictive_disagreement,portfolio_01cc2b7dd260a24c,pysr,M_base(x) + (x1 * pysr_coefficient_1 * (x1 + (-1 * x2) + tanh(x2))),0.008595795148594187,0.030710923369739844,0.20071870629447286,0.15300478932284511,10,0,False,1,True,identified_singleton,1,"[""portfolio_01cc2b7dd260a24c""]",0.0,True,False,{},insufficient_validation_equivalent_candidates
XFER-CREEP-01,creep,813519892,no_acquisition,portfolio_45ed6b44e136cf16,semantic_llm,M_base(x) + (a * (x1 ^ n) * (x2 ^ m)),0.00608332981270688,0.062033598529670345,0.1888251729005767,0.32852398637724683,8,0,False,0,True,structurally_ambiguous,2,"[""portfolio_45ed6b44e136cf16"", ""portfolio_46f34cad72d50941""]",3.2085275924286103,False,True,"{""x1"": 1.881542492056292, ""x2"": 1.4827758903283619}",maximum_active_budget_reached
XFER-CREEP-01,creep,813519892,conditional_space_filling,portfolio_e11391c5cd0c36fa,pysr,M_base(x) + sin((x1 * exp((pysr_coefficient_1 * x1)) * x2 * pysr_coefficient_2)),0.00477065853339001,0.009444603728203873,0.1888251729005767,0.05001771523957136,9,0,False,1,True,prediction_equivalent,3,"[""portfolio_e11391c5cd0c36fa"", ""portfolio_aa6d7e091dd1836a"", ""portfolio_dfaf95726a69183f""]",0.6271308898541971,True,False,{},equivalent_candidates_predict_similarly
XFER-CREEP-01,creep,813519892,evidence_guided_predictive_disagreement,portfolio_e11391c5cd0c36fa,pysr,M_base(x) + sin((x1 * exp((pysr_coefficient_1 * x1)) * x2 * pysr_coefficient_2)),0.005810503848814359,0.0081347779369741,0.1888251729005767,0.04308100351247847,9,0,False,1,True,prediction_equivalent,3,"[""portfolio_e11391c5cd0c36fa"", ""portfolio_aa6d7e091dd1836a"", ""portfolio_dfaf95726a69183f""]",0.48839475008138217,True,False,{},equivalent_candidates_predict_similarly
XFER-PERM-01,permeability,813519892,no_acquisition,portfolio_e3463bef8b348c20,pysr,M_base(x) + (x1 * ((x1 + pysr_coefficient_1) ^ -1) * pysr_coefficient_2),0.006392326123444824,0.005054385023819325,0.2514234344818963,0.02010307843512998,8,0,True,0,True,prediction_equivalent,3,"[""portfolio_e3463bef8b348c20"", ""portfolio_500f433f2dc1b2af"", ""portfolio_5860ed79848d09cc""]",0.14241919479466095,True,False,{},maximum_active_budget_reached
XFER-PERM-01,permeability,813519892,conditional_space_filling,portfolio_e3463bef8b348c20,pysr,M_base(x) + (x1 * ((x1 + pysr_coefficient_1) ^ -1) * pysr_coefficient_2),0.006517210583054131,0.003640514908280427,0.2514234344818963,0.014479616491527013,8,0,True,3,True,prediction_equivalent,3,"[""portfolio_e3463bef8b348c20"", ""portfolio_3d47728f5a030b09"", ""portfolio_500f433f2dc1b2af""]",0.09009375714670012,True,False,{},maximum_active_budget_reached
XFER-PERM-01,permeability,813519892,evidence_guided_predictive_disagreement,portfolio_e3463bef8b348c20,pysr,M_base(x) + (x1 * ((x1 + pysr_coefficient_1) ^ -1) * pysr_coefficient_2),0.0066384815573493645,0.005267680017257892,0.2514234344818963,0.020951428128061746,8,0,True,3,True,prediction_equivalent,3,"[""portfolio_e3463bef8b348c20"", ""portfolio_3d47728f5a030b09"", ""portfolio_500f433f2dc1b2af""]",0.06393216409229666,True,False,{},maximum_active_budget_reached
XFER-CYCLIC-01,cyclic_damage,813519892,no_acquisition,portfolio_7e6342d9e2592afc,pysr,M_base(x) + (x2 * x1 * pysr_coefficient_1 * tanh(tanh(x1)) * x2),0.0015537434330110279,0.0032847935274284575,0.03462830158708397,0.09485863807578869,8,0,True,0,True,structurally_ambiguous,3,"[""portfolio_7e6342d9e2592afc"", ""portfolio_19e06372a4e7831e"", ""portfolio_50f6db65a511e23a""]",2.6412328377758016,False,True,"{""x1"": 2.122676097599575, ""x2"": 1.0804315626701464}",maximum_active_budget_reached
XFER-CYCLIC-01,cyclic_damage,813519892,conditional_space_filling,portfolio_7e6342d9e2592afc,pysr,M_base(x) + (x2 * x1 * pysr_coefficient_1 * tanh(tanh(x1)) * x2),0.0015069366273097672,0.0010856787488063764,0.03462830158708397,0.03135235339440743,8,0,True,1,True,prediction_equivalent,3,"[""portfolio_7e6342d9e2592afc"", ""portfolio_2c88ed4753249563"", ""portfolio_50f6db65a511e23a""]",0.3863662403676203,True,False,{},equivalent_candidates_predict_similarly
XFER-CYCLIC-01,cyclic_damage,813519892,evidence_guided_predictive_disagreement,portfolio_7e6342d9e2592afc,pysr,M_base(x) + (x2 * x1 * pysr_coefficient_1 * tanh(tanh(x1)) * x2),0.001507490863074235,0.0010916170455126338,0.03462830158708397,0.031523840196649916,8,0,True,1,True,prediction_equivalent,3,"[""portfolio_7e6342d9e2592afc"", ""portfolio_2c88ed4753249563"", ""portfolio_50f6db65a511e23a""]",0.38616645172028524,True,False,{},equivalent_candidates_predict_similarly
XFER-THERMAL-01,thermal_damage,813519892,no_acquisition,portfolio_1743b4b600ae8709,pysr,M_base(x) + (x1 * (((tanh(tanh((x2 ^ x2))) ^ x2) * pysr_coefficient_1) + (-1 * pysr_coefficient_2)) * x1),0.006224870725391973,0.01463227793003204,0.1909964450886735,0.07661021085098597,16,0,True,0,True,structurally_ambiguous,2,"[""portfolio_1743b4b600ae8709"", ""portfolio_1a896bd44e9af298""]",6.3454544345233375,False,True,"{""x1"": 1.3775816795888924, ""x2"": 0.6836766744156151}",maximum_active_budget_reached
XFER-THERMAL-01,thermal_damage,813519892,conditional_space_filling,portfolio_1743b4b600ae8709,pysr,M_base(x) + (x1 * (((tanh(tanh((x2 ^ x2))) ^ x2) * pysr_coefficient_1) + (-1 * pysr_coefficient_2)) * x1),0.00631021412105557,0.012025027769564166,0.1909964450886735,0.06295943238096045,16,0,True,3,True,structurally_ambiguous,2,"[""portfolio_1743b4b600ae8709"", ""portfolio_1a896bd44e9af298""]",4.705760373570834,False,True,"{""x1"": 1.3030344038464703, ""x2"": 0.015686661655204402}",maximum_active_budget_reached
XFER-THERMAL-01,thermal_damage,813519892,evidence_guided_predictive_disagreement,portfolio_1743b4b600ae8709,pysr,M_base(x) + (x1 * (((tanh(tanh((x2 ^ x2))) ^ x2) * pysr_coefficient_1) + (-1 * pysr_coefficient_2)) * x1),0.006127820535324859,0.017475532125753927,0.1909964450886735,0.09149663554020913,16,0,True,3,True,structurally_ambiguous,2,"[""portfolio_1743b4b600ae8709"", ""portfolio_1a896bd44e9af298""]",3.5884726931200186,False,True,"{""x1"": 1.3030344038464703, ""x2"": 0.015686661655204402}",maximum_active_budget_reached
XFER-CREEP-01,creep,2079297989,no_acquisition,portfolio_d51f2c797d697955,pysr,M_base(x) + (x2 * pysr_coefficient_1 * tanh((x1 + x1 + pysr_coefficient_2))),0.0025416903272334652,0.01112482407857642,0.18845267614259126,0.05903245475887489,8,0,False,0,True,structurally_ambiguous,3,"[""portfolio_d51f2c797d697955"", ""portfolio_6f016a0c14f8a395"", ""portfolio_871fc56223920526""]",2.0944490634969597,False,True,"{""x1"": 1.9187765564364363, ""x2"": 1.4999770623339796}",maximum_active_budget_reached
XFER-CREEP-01,creep,2079297989,conditional_space_filling,portfolio_d51f2c797d697955,pysr,M_base(x) + (x2 * pysr_coefficient_1 * tanh((x1 + x1 + pysr_coefficient_2))),0.00332151857919071,0.008528683322174954,0.18845267614259126,0.04525636619626347,8,0,False,3,True,prediction_equivalent,3,"[""portfolio_d51f2c797d697955"", ""portfolio_871fc56223920526"", ""portfolio_bc0b806937a88b87""]",1.9272228666141564,True,False,{},maximum_active_budget_reached
XFER-CREEP-01,creep,2079297989,evidence_guided_predictive_disagreement,portfolio_d51f2c797d697955,pysr,M_base(x) + (x2 * pysr_coefficient_1 * tanh((x1 + x1 + pysr_coefficient_2))),0.003521416962559085,0.008092954024588312,0.18845267614259126,0.04294422446123737,8,0,False,2,True,prediction_equivalent,3,"[""portfolio_d51f2c797d697955"", ""portfolio_871fc56223920526"", ""portfolio_bc0b806937a88b87""]",1.7980462492923395,True,False,{},equivalent_candidates_predict_similarly
XFER-PERM-01,permeability,2079297989,no_acquisition,portfolio_c33470178ed18183,pysr,M_base(x) + (sin(tanh(x1)) * pysr_coefficient_1),0.005779167427645894,0.022957056641030857,0.259520529015695,0.08845950155890167,5,0,False,0,True,structurally_ambiguous,3,"[""portfolio_c33470178ed18183"", ""portfolio_471f9c66b5870d68"", ""portfolio_852a841ffca37304""]",8.405721442966549,False,True,"{""x1"": 2.193224734726645}",maximum_active_budget_reached
XFER-PERM-01,permeability,2079297989,conditional_space_filling,portfolio_dc3761e1e5f05d78,semantic_llm,M_base(x) * exp(-((k * x1))),0.006401621869905389,0.041851103252172735,0.259520529015695,0.16126317024285083,5,0,False,3,True,structurally_ambiguous,3,"[""portfolio_dc3761e1e5f05d78"", ""portfolio_852a841ffca37304"", ""portfolio_dec881c2e9868ae5""]",8.06442942752582,False,True,"{""x1"": 2.1884597093114455}",maximum_active_budget_reached
XFER-PERM-01,permeability,2079297989,evidence_guided_predictive_disagreement,portfolio_852a841ffca37304,semantic_llm,M_base(x) * (1 / (1 + (b * x1))),0.005287590141916742,0.013765125250215707,0.259520529015695,0.05304060261600051,7,0,True,3,True,structurally_ambiguous,3,"[""portfolio_852a841ffca37304"", ""portfolio_1e3299a432d30fa4"", ""portfolio_a5d948db8d434ee9""]",3.433489428709256,False,True,"{""x1"": 2.171290876243392}",maximum_active_budget_reached
XFER-CYCLIC-01,cyclic_damage,2079297989,no_acquisition,portfolio_5564c077b997f020,semantic_llm,M_base(x) + (a * ((x1 * x2) ^ b)),0.0015276310236464865,0.005683793820356356,0.03498058793637729,0.16248422784356978,7,0,False,0,True,structurally_ambiguous,3,"[""portfolio_5564c077b997f020"", ""portfolio_051605aaaff8eac3"", ""portfolio_7bf4d54baee679ae""]",3.8768480807630077,False,True,"{""x1"": 2.152954727131442, ""x2"": 0.740274930230687}",maximum_active_budget_reached
XFER-CYCLIC-01,cyclic_damage,2079297989,conditional_space_filling,portfolio_5564c077b997f020,semantic_llm,M_base(x) + (a * ((x1 * x2) ^ b)),0.0014376408538926706,0.003764471833172996,0.03498058793637729,0.10761602520860482,7,0,True,3,True,prediction_equivalent,3,"[""portfolio_5564c077b997f020"", ""portfolio_051605aaaff8eac3"", ""portfolio_7bf4d54baee679ae""]",1.8724429909974656,True,False,{},maximum_active_budget_reached
XFER-CYCLIC-01,cyclic_damage,2079297989,evidence_guided_predictive_disagreement,portfolio_5564c077b997f020,semantic_llm,M_base(x) + (a * ((x1 * x2) ^ b)),0.0014556017795156432,0.003847480435753647,0.03498058793637729,0.10998901570069224,7,0,True,3,True,structurally_ambiguous,3,"[""portfolio_5564c077b997f020"", ""portfolio_051605aaaff8eac3"", ""portfolio_7bf4d54baee679ae""]",2.7036662207099575,False,True,"{""x1"": 2.1689775642371054, ""x2"": 0.6609383887104087}",maximum_active_budget_reached
XFER-THERMAL-01,thermal_damage,2079297989,no_acquisition,portfolio_8df6a0e6858f08a8,pysr,M_base(x) + sin((x1 * x1 * pysr_coefficient_1 * (exp(tanh(x2)) ^ -1))),0.005355311303253219,0.006153650933377023,0.16807672855630407,0.03661215318880752,10,0,True,0,True,structurally_ambiguous,2,"[""portfolio_8df6a0e6858f08a8"", ""portfolio_630d5904afe806fb""]",2.0113043344056263,False,True,"{""x1"": 1.3552229261312234, ""x2"": 0.0635397703167819}",maximum_active_budget_reached
XFER-THERMAL-01,thermal_damage,2079297989,conditional_space_filling,portfolio_8df6a0e6858f08a8,pysr,M_base(x) + sin((x1 * x1 * pysr_coefficient_1 * (exp(tanh(x2)) ^ -1))),0.005350783493471567,0.006028389156483666,0.16807672855630407,0.035866887749806564,10,0,True,3,True,structurally_ambiguous,3,"[""portfolio_8df6a0e6858f08a8"", ""portfolio_2b8be90cc5c00bc6"", ""portfolio_630d5904afe806fb""]",2.0381137906234543,False,True,"{""x1"": 1.3552229261312234, ""x2"": 0.0635397703167819}",maximum_active_budget_reached
XFER-THERMAL-01,thermal_damage,2079297989,evidence_guided_predictive_disagreement,portfolio_8df6a0e6858f08a8,pysr,M_base(x) + sin((x1 * x1 * pysr_coefficient_1 * (exp(tanh(x2)) ^ -1))),0.005442475949124343,0.006772227415376687,0.16807672855630407,0.040292475190032366,10,0,True,3,True,structurally_ambiguous,3,"[""portfolio_8df6a0e6858f08a8"", ""portfolio_2b8be90cc5c00bc6"", ""portfolio_630d5904afe806fb""]",2.09498594116028,False,True,"{""x1"": 1.3997476104641362, ""x2"": 0.1644484785436498}",maximum_active_budget_reached
XFER-CREEP-01,creep,1812275758,no_acquisition,portfolio_3d9b72639aa77fc8,semantic_llm,M_base(x) + ((a9 * x1 * x2) / (1 + (a10 * x1))),0.0020236373289707625,0.019434099593668184,0.19272903642889852,0.1008363864302191,10,0,False,0,False,prediction_equivalent,2,"[""portfolio_3d9b72639aa77fc8"", ""portfolio_f643ff0fb734348e""]",0.43986417408009065,False,False,{},equivalent_candidates_predict_similarly
XFER-CREEP-01,creep,1812275758,conditional_space_filling,portfolio_3d9b72639aa77fc8,semantic_llm,M_base(x) + ((a9 * x1 * x2) / (1 + (a10 * x1))),0.0020236373289707625,0.019434099593668184,0.19272903642889852,0.1008363864302191,10,0,False,0,False,prediction_equivalent,2,"[""portfolio_3d9b72639aa77fc8"", ""portfolio_f643ff0fb734348e""]",0.43986417408009065,False,False,{},equivalent_candidates_predict_similarly
XFER-CREEP-01,creep,1812275758,evidence_guided_predictive_disagreement,portfolio_3d9b72639aa77fc8,semantic_llm,M_base(x) + ((a9 * x1 * x2) / (1 + (a10 * x1))),0.0020236373289707625,0.019434099593668184,0.19272903642889852,0.1008363864302191,10,0,False,0,False,prediction_equivalent,2,"[""portfolio_3d9b72639aa77fc8"", ""portfolio_f643ff0fb734348e""]",0.43986417408009065,False,False,{},equivalent_candidates_predict_similarly
XFER-PERM-01,permeability,1812275758,no_acquisition,portfolio_852a841ffca37304,semantic_llm,M_base(x) * (1 / (1 + (d * x1))),0.006842389271908564,0.0150813431189746,0.25914395647061156,0.05819677728307321,7,0,True,0,True,prediction_equivalent,3,"[""portfolio_852a841ffca37304"", ""portfolio_471f9c66b5870d68"", ""portfolio_d3873358cb6cea01""]",1.815536587584527,True,False,{},maximum_active_budget_reached
XFER-PERM-01,permeability,1812275758,conditional_space_filling,portfolio_7678adda9fbd4640,pysr,M_base(x) + (tanh(sin(x1)) * pysr_coefficient_1),0.006790908839977938,0.039334043319716336,0.25914395647061156,0.15178452878246862,5,0,False,3,True,structurally_ambiguous,3,"[""portfolio_7678adda9fbd4640"", ""portfolio_18ffeb24f59802cd"", ""portfolio_852a841ffca37304""]",8.211242588307057,False,True,"{""x1"": 2.195372199548007}",maximum_active_budget_reached
XFER-PERM-01,permeability,1812275758,evidence_guided_predictive_disagreement,portfolio_852a841ffca37304,semantic_llm,M_base(x) * (1 / (1 + (d * x1))),0.007118167922574753,0.013202047146714795,0.25914395647061156,0.050944839025069,7,0,True,3,True,structurally_ambiguous,3,"[""portfolio_852a841ffca37304"", ""portfolio_18ffeb24f59802cd"", ""portfolio_fade7584c7add05e""]",3.549314906386834,False,True,"{""x1"": 2.1862637737721595}",maximum_active_budget_reached
XFER-CYCLIC-01,cyclic_damage,1812275758,no_acquisition,portfolio_ed599e3623e40921,pysr,M_base(x) + (x2 * (x1 ^ 1.54216) * x2 * pysr_coefficient_1),0.0017840494288000014,0.007851721585844426,0.03751406599706515,0.20930073499520666,7,0,False,0,True,structurally_ambiguous,3,"[""portfolio_ed599e3623e40921"", ""portfolio_051605aaaff8eac3"", ""portfolio_93488e518fc34807""]",12.954199563136841,False,True,"{""x1"": 2.1236697549333843, ""x2"": 1.087439007184292}",maximum_active_budget_reached
XFER-CYCLIC-01,cyclic_damage,1812275758,conditional_space_filling,portfolio_ed599e3623e40921,pysr,M_base(x) + (x2 * (x1 ^ 1.54216) * x2 * pysr_coefficient_1),0.0018110341431963855,0.0019278763833282335,0.03751406599706515,0.05139076056109347,7,0,True,1,True,prediction_equivalent,2,"[""portfolio_ed599e3623e40921"", ""portfolio_051605aaaff8eac3""]",1.4968603927539428,True,False,{},equivalent_candidates_predict_similarly
XFER-CYCLIC-01,cyclic_damage,1812275758,evidence_guided_predictive_disagreement,portfolio_ed599e3623e40921,pysr,M_base(x) + (x2 * (x1 ^ 1.54216) * x2 * pysr_coefficient_1),0.0018110341431963855,0.0019278763833282335,0.03751406599706515,0.05139076056109347,7,0,True,1,True,prediction_equivalent,2,"[""portfolio_ed599e3623e40921"", ""portfolio_051605aaaff8eac3""]",1.4968603927539428,True,False,{},equivalent_candidates_predict_similarly
XFER-THERMAL-01,thermal_damage,1812275758,no_acquisition,portfolio_1b44b356107beed0,pysr,M_base(x) + (x1 * x1 * pysr_coefficient_1 * ((exp(x2) ^ x1) ^ -1)),0.006835528564284535,0.06297144875332625,0.1836106622739481,0.34296183006721315,10,0,False,0,True,structurally_ambiguous,3,"[""portfolio_1b44b356107beed0"", ""portfolio_31a6655e13fbff58"", ""portfolio_47a8d49b75be23f6""]",8.849473075094211,False,True,"{""x1"": 1.3719475779646926, ""x2"": 1.219877783878373}",maximum_active_budget_reached
XFER-THERMAL-01,thermal_damage,1812275758,conditional_space_filling,portfolio_ea8b2e1686a96117,pysr,M_base(x) + (x1 * pysr_coefficient_1 * x1 * (exp(x2) ^ -1)),0.00798633448620816,0.031215711821931374,0.1836106622739481,0.1700103438184726,8,0,False,3,True,structurally_ambiguous,3,"[""portfolio_ea8b2e1686a96117"", ""portfolio_31a6655e13fbff58"", ""portfolio_47a8d49b75be23f6""]",6.838061445532344,False,True,"{""x1"": 1.3695305334969083, ""x2"": 0.11289381047229058}",maximum_active_budget_reached
XFER-THERMAL-01,thermal_damage,1812275758,evidence_guided_predictive_disagreement,portfolio_0381c7bec88c1b5a,semantic_llm,M_base(x) + (p1 * (x1 ^ 2)),0.0090739620337925,0.045268794374370085,0.1836106622739481,0.24654774299996152,5,0,False,3,True,structurally_ambiguous,3,"[""portfolio_0381c7bec88c1b5a"", ""portfolio_31a6655e13fbff58"", ""portfolio_f23ac452c1a9d348""]",8.150392148410019,False,True,"{""x1"": 1.265459553348989, ""x2"": 0.04232102158605297}",maximum_active_budget_reached
XFER-CREEP-01,creep,3756040860,no_acquisition,portfolio_52cdebd74f960e16,semantic_llm,M_base(x) + (p0 * (x1 ^ p1) * x2),0.005409028350309508,0.07498568358112945,0.19396490275199182,0.38659408231708775,6,0,False,0,False,identified_singleton,1,"[""portfolio_52cdebd74f960e16""]",0.0,False,False,{},insufficient_validation_equivalent_candidates
XFER-CREEP-01,creep,3756040860,conditional_space_filling,portfolio_52cdebd74f960e16,semantic_llm,M_base(x) + (p0 * (x1 ^ p1) * x2),0.005409028350309508,0.07498568358112945,0.19396490275199182,0.38659408231708775,6,0,False,0,False,identified_singleton,1,"[""portfolio_52cdebd74f960e16""]",0.0,False,False,{},insufficient_validation_equivalent_candidates
XFER-CREEP-01,creep,3756040860,evidence_guided_predictive_disagreement,portfolio_52cdebd74f960e16,semantic_llm,M_base(x) + (p0 * (x1 ^ p1) * x2),0.005409028350309508,0.07498568358112945,0.19396490275199182,0.38659408231708775,6,0,False,0,False,identified_singleton,1,"[""portfolio_52cdebd74f960e16""]",0.0,False,False,{},insufficient_validation_equivalent_candidates
XFER-PERM-01,permeability,3756040860,no_acquisition,portfolio_e3f3928894723545,pysr,M_base(x) + (sin((x1 ^ 0.858697)) * pysr_coefficient_1),0.006507052231559561,0.020585410857533445,0.2573518148180189,0.07998937513648388,6,0,False,0,True,prediction_equivalent,3,"[""portfolio_e3f3928894723545"", ""portfolio_a52c7bcc5b6ed1e1"", ""portfolio_d5bbbb111836e2d0""]",0.5663545260058297,True,False,{},maximum_active_budget_reached
XFER-PERM-01,permeability,3756040860,conditional_space_filling,portfolio_55f7623db32b555b,pysr,M_base(x) + (tanh((x1 ^ 0.69893)) * (x1 ^ 0.206886) * pysr_coefficient_1),0.00647347150889029,0.01101857369430627,0.2573518148180189,0.042815216601825135,9,0,True,3,True,prediction_equivalent,3,"[""portfolio_55f7623db32b555b"", ""portfolio_25984bef9d12a1de"", ""portfolio_55d577100b0b2853""]",1.5384170265779131,True,False,{},maximum_active_budget_reached
XFER-PERM-01,permeability,3756040860,evidence_guided_predictive_disagreement,portfolio_55f7623db32b555b,pysr,M_base(x) + (tanh((x1 ^ 0.69893)) * (x1 ^ 0.206886) * pysr_coefficient_1),0.006495664886384152,0.010058703545333766,0.2573518148180189,0.03908541912730079,9,0,True,3,True,prediction_equivalent,3,"[""portfolio_55f7623db32b555b"", ""portfolio_25984bef9d12a1de"", ""portfolio_55d577100b0b2853""]",1.3809043170353805,True,False,{},maximum_active_budget_reached
XFER-CYCLIC-01,cyclic_damage,3756040860,no_acquisition,portfolio_0740b27fbf634982,semantic_llm,M_base(x) + (a * (x1 ^ b) * x2),0.0016670024505306843,0.010753310387664201,0.03371808762486044,0.31891815773489346,6,0,False,0,True,structurally_ambiguous,3,"[""portfolio_0740b27fbf634982"", ""portfolio_5564c077b997f020"", ""portfolio_8b005e95bb1aa73f""]",10.595377969109208,False,True,"{""x1"": 2.180237999486366, ""x2"": 1.0933532409851618}",maximum_active_budget_reached
XFER-CYCLIC-01,cyclic_damage,3756040860,conditional_space_filling,portfolio_0740b27fbf634982,semantic_llm,M_base(x) + (a * (x1 ^ b) * x2),0.0016939096878580188,0.008702792762282788,0.03371808762486044,0.2581045775522036,6,0,False,3,True,structurally_ambiguous,3,"[""portfolio_0740b27fbf634982"", ""portfolio_5564c077b997f020"", ""portfolio_8b005e95bb1aa73f""]",5.355259654504987,False,True,"{""x1"": 2.1254808003228334, ""x2"": 0.45076337288792917}",maximum_active_budget_reached
XFER-CYCLIC-01,cyclic_damage,3756040860,evidence_guided_predictive_disagreement,portfolio_0740b27fbf634982,semantic_llm,M_base(x) + (a * (x1 ^ b) * x2),0.0016505438259296398,0.008846899850219504,0.03371808762486044,0.26237845837071316,6,0,False,3,True,structurally_ambiguous,3,"[""portfolio_0740b27fbf634982"", ""portfolio_5564c077b997f020"", ""portfolio_8b005e95bb1aa73f""]",5.647526113579301,False,True,"{""x1"": 2.1254808003228334, ""x2"": 0.45076337288792917}",maximum_active_budget_reached
XFER-THERMAL-01,thermal_damage,3756040860,no_acquisition,portfolio_4b5119916edeb1c7,pysr,M_base(x) + ((x1 ^ 2.07481) * pysr_coefficient_1),0.007050638112828147,0.05174646530033008,0.19020810949865335,0.2720518354171247,5,0,False,0,True,prediction_equivalent,3,"[""portfolio_4b5119916edeb1c7"", ""portfolio_6e5fd7418894ccaa"", ""portfolio_e023101c8d4e4250""]",1.3217537068526497,True,False,{},maximum_active_budget_reached
XFER-THERMAL-01,thermal_damage,3756040860,conditional_space_filling,portfolio_fba7f45e70b2f577,pysr,M_base(x) + (tanh(x1) + (-1 * x1)),0.008610773088524993,0.09650441961275492,0.19020810949865335,0.5073622773872224,6,0,False,1,True,identified_singleton,1,"[""portfolio_fba7f45e70b2f577""]",0.0,True,False,{},insufficient_validation_equivalent_candidates
XFER-THERMAL-01,thermal_damage,3756040860,evidence_guided_predictive_disagreement,portfolio_0381c7bec88c1b5a,semantic_llm,M_base(x) + (p1 * x1 * x1),0.007248486809073382,0.048551807210343634,0.19020810949865335,0.25525624190427787,4,0,False,3,True,prediction_equivalent,3,"[""portfolio_0381c7bec88c1b5a"", ""portfolio_6e5fd7418894ccaa"", ""portfolio_e023101c8d4e4250""]",0.3411025747852591,True,False,{},maximum_active_budget_reached
XFER-CREEP-01,creep,1158657079,no_acquisition,portfolio_52cdebd74f960e16,semantic_llm,M_base(x) + (p0 * (x1 ^ p1) * x2),0.005351887682202905,0.0694015772773062,0.19420270627285532,0.35736668458057835,6,0,False,0,False,prediction_equivalent,2,"[""portfolio_52cdebd74f960e16"", ""portfolio_45ed6b44e136cf16""]",0.6311915373755714,False,False,{},equivalent_candidates_predict_similarly
XFER-CREEP-01,creep,1158657079,conditional_space_filling,portfolio_52cdebd74f960e16,semantic_llm,M_base(x) + (p0 * (x1 ^ p1) * x2),0.005351887682202905,0.0694015772773062,0.19420270627285532,0.35736668458057835,6,0,False,0,False,prediction_equivalent,2,"[""portfolio_52cdebd74f960e16"", ""portfolio_45ed6b44e136cf16""]",0.6311915373755714,False,False,{},equivalent_candidates_predict_similarly
XFER-CREEP-01,creep,1158657079,evidence_guided_predictive_disagreement,portfolio_52cdebd74f960e16,semantic_llm,M_base(x) + (p0 * (x1 ^ p1) * x2),0.005351887682202905,0.0694015772773062,0.19420270627285532,0.35736668458057835,6,0,False,0,False,prediction_equivalent,2,"[""portfolio_52cdebd74f960e16"", ""portfolio_45ed6b44e136cf16""]",0.6311915373755714,False,False,{},equivalent_candidates_predict_similarly
XFER-PERM-01,permeability,1158657079,no_acquisition,portfolio_c726de43d57d2551,pysr,M_base(x) + (sin((x1 ^ 0.858421)) * pysr_coefficient_1),0.0049875204591159515,0.02310503859848282,0.2582202270362087,0.08947803533316132,6,0,False,0,True,structurally_ambiguous,3,"[""portfolio_c726de43d57d2551"", ""portfolio_4cb6335842f85c06"", ""portfolio_852a841ffca37304""]",5.805757968324006,False,True,"{""x1"": 2.19736859874803}",maximum_active_budget_reached
XFER-PERM-01,permeability,1158657079,conditional_space_filling,portfolio_c726de43d57d2551,pysr,M_base(x) + (sin((x1 ^ 0.858421)) * pysr_coefficient_1),0.005346352978972471,0.02092676934278867,0.2582202270362087,0.08104233190010414,6,0,False,3,True,structurally_ambiguous,3,"[""portfolio_c726de43d57d2551"", ""portfolio_4cb6335842f85c06"", ""portfolio_852a841ffca37304""]",5.226418786339316,False,True,"{""x1"": 2.1944514946429288}",maximum_active_budget_reached
XFER-PERM-01,permeability,1158657079,evidence_guided_predictive_disagreement,portfolio_852a841ffca37304,semantic_llm,M_base(x) * (1 / (1 + (a * x1))),0.00501776793551485,0.012553653938449622,0.2582202270362087,0.04861607505553504,7,0,True,3,True,prediction_equivalent,3,"[""portfolio_852a841ffca37304"", ""portfolio_4cb6335842f85c06"", ""portfolio_4f0192b341557653""]",1.9956592893525975,True,False,{},maximum_active_budget_reached
XFER-CYCLIC-01,cyclic_damage,1158657079,no_acquisition,portfolio_6d1e7838ef8cd1bb,semantic_llm,M_base(x) * (1 + (c3 * x1 * x2)),0.0015221803354549502,0.029100397440579833,0.034492277697882504,0.843678625559898,6,0,False,0,True,structurally_ambiguous,3,"[""portfolio_6d1e7838ef8cd1bb"", ""portfolio_051605aaaff8eac3"", ""portfolio_d6a289b6952c4de9""]",26.716860897747832,False,True,"{""x1"": 2.1503687976655192, ""x2"": 1.06307233554583}",maximum_active_budget_reached
XFER-CYCLIC-01,cyclic_damage,1158657079,conditional_space_filling,portfolio_2f97ca98b8b55e0d,semantic_llm,M_base(x) + (a2 * x1 * (x2 ^ b2)),0.0016507562237856469,0.00576088141518492,0.034492277697882504,0.167019454778963,6,0,False,3,True,structurally_ambiguous,3,"[""portfolio_2f97ca98b8b55e0d"", ""portfolio_051605aaaff8eac3"", ""portfolio_c81e2fdb8c1c16d0""]",7.179850987333771,False,True,"{""x1"": 2.1591548904594062, ""x2"": 0.6407202165679353}",maximum_active_budget_reached
XFER-CYCLIC-01,cyclic_damage,1158657079,evidence_guided_predictive_disagreement,portfolio_0740b27fbf634982,semantic_llm,M_base(x) + (a1 * (x1 ^ b1) * x2),0.00155756660291533,0.008939633154872577,0.034492277697882504,0.2591778146162086,6,0,False,3,True,structurally_ambiguous,3,"[""portfolio_0740b27fbf634982"", ""portfolio_051605aaaff8eac3"", ""portfolio_c81e2fdb8c1c16d0""]",6.368393955389201,False,True,"{""x1"": 2.1784650739089204, ""x2"": 0.38191851784163533}",maximum_active_budget_reached
XFER-THERMAL-01,thermal_damage,1158657079,no_acquisition,portfolio_556aec11a60da122,pysr,M_base(x) + (x1 * cos(sin(x2)) * pysr_coefficient_1 * x1),0.006445684688826971,0.01773150190943129,0.18776267990334625,0.09443570958061984,7,0,True,0,True,structurally_ambiguous,3,"[""portfolio_556aec11a60da122"", ""portfolio_0b1b289d053b08b1"", ""portfolio_3f73fe709fd4cef9""]",2.302776158981802,False,True,"{""x1"": 1.1829550778549498, ""x2"": 0.007918297013777414}",maximum_active_budget_reached
XFER-THERMAL-01,thermal_damage,1158657079,conditional_space_filling,portfolio_556aec11a60da122,pysr,M_base(x) + (x1 * cos(sin(x2)) * pysr_coefficient_1 * x1),0.007221066169206403,0.014284983720754199,0.18776267990334625,0.07607999485365045,7,0,True,3,True,structurally_ambiguous,3,"[""portfolio_556aec11a60da122"", ""portfolio_0af08855f24ea4a2"", ""portfolio_846bd41c4afaf0e1""]",4.384677328422409,False,True,"{""x1"": 1.3248809595513036, ""x2"": 0.005571241759215323}",maximum_active_budget_reached
XFER-THERMAL-01,thermal_damage,1158657079,evidence_guided_predictive_disagreement,portfolio_0af08855f24ea4a2,pysr,M_base(x) + (((x2 * ((x2 + pysr_coefficient_1) ^ -1)) ^ x2) * x1 * pysr_coefficient_2 * x1 * (pysr_coefficient_3 ^ -1)),0.006449393301081945,0.0210912873729834,0.18776267990334625,0.11232949691515091,16,0,False,1,True,prediction_equivalent,2,"[""portfolio_0af08855f24ea4a2"", ""portfolio_846bd41c4afaf0e1""]",0.5893386282929519,True,False,{},equivalent_candidates_predict_similarly
XFER-CREEP-01,creep,2844560664,no_acquisition,portfolio_3d9b72639aa77fc8,semantic_llm,M_base(x) + ((p0 * x1 * x2) / (1 + (p1 * x1))),0.0027508810124607336,0.0222782669518352,0.19498907279216912,0.1142539252729341,10,0,False,0,True,structurally_ambiguous,3,"[""portfolio_3d9b72639aa77fc8"", ""portfolio_6f0135f95ff860fa"", ""portfolio_a4f22862f25a026f""]",12.071284539166204,False,True,"{""x1"": 1.9762439917494221, ""x2"": 1.4548092337763228}",maximum_active_budget_reached
XFER-CREEP-01,creep,2844560664,conditional_space_filling,portfolio_b6da468acad53e10,pysr,M_base(x) + (tanh(tanh(tanh((x1 + pysr_coefficient_1)))) * x2 * pysr_coefficient_2),0.0033094056173847684,0.005263153732309059,0.19498907279216912,0.026992044512765285,9,0,True,3,True,structurally_ambiguous,3,"[""portfolio_b6da468acad53e10"", ""portfolio_6f0135f95ff860fa"", ""portfolio_a4f22862f25a026f""]",3.5229998524135553,False,True,"{""x1"": 1.9137334438117477, ""x2"": 1.4989417451843865}",maximum_active_budget_reached
XFER-CREEP-01,creep,2844560664,evidence_guided_predictive_disagreement,portfolio_b6da468acad53e10,pysr,M_base(x) + (tanh(tanh(tanh((x1 + pysr_coefficient_1)))) * x2 * pysr_coefficient_2),0.0033099372922281473,0.00418255313103542,0.19498907279216912,0.02145019241921024,9,0,True,3,True,structurally_ambiguous,3,"[""portfolio_b6da468acad53e10"", ""portfolio_6f0135f95ff860fa"", ""portfolio_a4f22862f25a026f""]",2.7403657441768527,False,True,"{""x1"": 1.9849426542993567, ""x2"": 1.4352454678366322}",maximum_active_budget_reached
XFER-PERM-01,permeability,2844560664,no_acquisition,portfolio_ed7508e8a47eec24,pysr,M_base(x) + (tanh(x1) * pysr_coefficient_1),0.00712617902016589,0.005510073512615476,0.25594144762376553,0.021528648695913043,4,0,True,0,True,structurally_ambiguous,3,"[""portfolio_ed7508e8a47eec24"", ""portfolio_2f5dc69d831ee758"", ""portfolio_5207d42465533214""]",5.736989165202677,False,True,"{""x1"": 2.1990013054249418}",maximum_active_budget_reached
XFER-PERM-01,permeability,2844560664,conditional_space_filling,portfolio_5207d42465533214,pysr,M_base(x) + (tanh(tanh(x1)) * pysr_coefficient_1),0.007152268430715133,0.03094943522014485,0.25594144762376553,0.12092388906716112,5,0,False,3,True,structurally_ambiguous,3,"[""portfolio_5207d42465533214"", ""portfolio_2f5dc69d831ee758"", ""portfolio_c7e5fcf468fb086d""]",10.856115200490091,False,True,"{""x1"": 2.194763291157757}",maximum_active_budget_reached
XFER-PERM-01,permeability,2844560664,evidence_guided_predictive_disagreement,portfolio_ed7508e8a47eec24,pysr,M_base(x) + (tanh(x1) * pysr_coefficient_1),0.007108938446467416,0.005386764349832032,0.25594144762376553,0.02104686208445061,4,0,True,3,True,structurally_ambiguous,3,"[""portfolio_ed7508e8a47eec24"", ""portfolio_5207d42465533214"", ""portfolio_c7e5fcf468fb086d""]",10.444240051445009,False,True,"{""x1"": 2.185953359844723}",maximum_active_budget_reached
XFER-CYCLIC-01,cyclic_damage,2844560664,no_acquisition,portfolio_6d1e7838ef8cd1bb,semantic_llm,M_base(x) * (1 + (p1 * x1 * x2)),0.0014270111672070546,0.022076543986048636,0.032886586534658535,0.6712932630688988,6,0,False,0,True,structurally_ambiguous,3,"[""portfolio_6d1e7838ef8cd1bb"", ""portfolio_93488e518fc34807"", ""portfolio_bc39decce0909f2d""]",13.348145215220901,False,True,"{""x1"": 2.0336540977852327, ""x2"": 1.0720107974805715}",maximum_active_budget_reached
XFER-CYCLIC-01,cyclic_damage,2844560664,conditional_space_filling,portfolio_bc39decce0909f2d,pysr,M_base(x) + (((x1 * x2) ^ 1.62297) * pysr_coefficient_1),0.0013918643418396044,0.003936257299524094,0.032886586534658535,0.11969187788388282,7,0,True,1,True,prediction_equivalent,3,"[""portfolio_bc39decce0909f2d"", ""portfolio_5564c077b997f020"", ""portfolio_975fbf7852878db4""]",0.763523307720294,True,False,{},equivalent_candidates_predict_similarly
XFER-CYCLIC-01,cyclic_damage,2844560664,evidence_guided_predictive_disagreement,portfolio_bc39decce0909f2d,pysr,M_base(x) + (((x1 * x2) ^ 1.62297) * pysr_coefficient_1),0.0013918643418396044,0.003936257299524094,0.032886586534658535,0.11969187788388282,7,0,True,1,True,prediction_equivalent,3,"[""portfolio_bc39decce0909f2d"", ""portfolio_5564c077b997f020"", ""portfolio_975fbf7852878db4""]",0.763523307720294,True,False,{},equivalent_candidates_predict_similarly
XFER-THERMAL-01,thermal_damage,2844560664,no_acquisition,portfolio_0381c7bec88c1b5a,semantic_llm,M_base(x) + (p_x1_sq * (x1 ^ 2)),0.008269562632935788,0.043642439572687375,0.17793364991705346,0.24527367135464245,5,0,False,0,True,prediction_equivalent,3,"[""portfolio_0381c7bec88c1b5a"", ""portfolio_30995989ca7f0896"", ""portfolio_34314915a6b0de12""]",1.0040251180376576,True,False,{},maximum_active_budget_reached
XFER-THERMAL-01,thermal_damage,2844560664,conditional_space_filling,portfolio_d0e503bd91d78dc5,pysr,M_base(x) + ((x1 ^ 1.59877) * exp(((x1 * pysr_coefficient_1 * x1) ^ x2)) * pysr_coefficient_2),0.0064594319844860386,0.010163984419118172,0.17793364991705346,0.05712232859752088,12,0,True,3,True,prediction_equivalent,2,"[""portfolio_d0e503bd91d78dc5"", ""portfolio_322a0aa02942022b""]",1.6219182610740328,True,False,{},equivalent_candidates_predict_similarly
XFER-THERMAL-01,thermal_damage,2844560664,evidence_guided_predictive_disagreement,portfolio_322a0aa02942022b,pysr,M_base(x) + ((x1 ^ 0.900967) * (pysr_coefficient_1 + (-1 * (pysr_coefficient_2 * ((x2 + pysr_coefficient_3) ^ -1)))) * x1 * (exp((x1 + pysr_coefficient_4)) + pysr_coefficient_5)),0.00593683435584089,0.0034203635386858143,0.17793364991705346,0.019222690819191705,22,0,True,2,True,identified_singleton,1,"[""portfolio_322a0aa02942022b""]",0.0,True,False,{},insufficient_validation_equivalent_candidates
XFER-CREEP-01,creep,516005977,no_acquisition,portfolio_5eaa2bf2ae39cc92,semantic_llm,M_base(x) + (a0 * x2 * (x1 / (x1 + a1))),0.0023950381481381206,0.017162564730029337,0.19857331042158657,0.08642936300750528,8,0,False,0,False,identified_singleton,1,"[""portfolio_5eaa2bf2ae39cc92""]",0.0,False,False,{},insufficient_validation_equivalent_candidates
XFER-CREEP-01,creep,516005977,conditional_space_filling,portfolio_5eaa2bf2ae39cc92,semantic_llm,M_base(x) + (a0 * x2 * (x1 / (x1 + a1))),0.0023950381481381206,0.017162564730029337,0.19857331042158657,0.08642936300750528,8,0,False,0,False,identified_singleton,1,"[""portfolio_5eaa2bf2ae39cc92""]",0.0,False,False,{},insufficient_validation_equivalent_candidates
XFER-CREEP-01,creep,516005977,evidence_guided_predictive_disagreement,portfolio_5eaa2bf2ae39cc92,semantic_llm,M_base(x) + (a0 * x2 * (x1 / (x1 + a1))),0.0023950381481381206,0.017162564730029337,0.19857331042158657,0.08642936300750528,8,0,False,0,False,identified_singleton,1,"[""portfolio_5eaa2bf2ae39cc92""]",0.0,False,False,{},insufficient_validation_equivalent_candidates
XFER-PERM-01,permeability,516005977,no_acquisition,portfolio_5207d42465533214,pysr,M_base(x) + (tanh(tanh(x1)) * pysr_coefficient_1),0.005271370335742051,0.03329611699832837,0.2586554235568409,0.1287276970282101,5,0,False,0,True,prediction_equivalent,3,"[""portfolio_5207d42465533214"", ""portfolio_70a875be22253495"", ""portfolio_eb5ef2c30cf1909a""]",0.24289836588804847,True,False,{},maximum_active_budget_reached
XFER-PERM-01,permeability,516005977,conditional_space_filling,portfolio_852a841ffca37304,semantic_llm,M_base(x) * (1 / (1 + (p0 * x1))),0.005348672829998559,0.015058774146472555,0.2586554235568409,0.0582194409047963,7,0,True,3,True,structurally_ambiguous,3,"[""portfolio_852a841ffca37304"", ""portfolio_5860ed79848d09cc"", ""portfolio_f6b13d1fbb801f0b""]",2.012295433739971,False,True,"{""x1"": 2.1780296282513025}",maximum_active_budget_reached
XFER-PERM-01,permeability,516005977,evidence_guided_predictive_disagreement,portfolio_852a841ffca37304,semantic_llm,M_base(x) * (1 / (1 + (p0 * x1))),0.005402988869520453,0.014766194409303544,0.2586554235568409,0.05708828450704648,7,0,True,3,True,prediction_equivalent,3,"[""portfolio_852a841ffca37304"", ""portfolio_5860ed79848d09cc"", ""portfolio_f6b13d1fbb801f0b""]",1.9814846943720734,True,False,{},maximum_active_budget_reached
XFER-CYCLIC-01,cyclic_damage,516005977,no_acquisition,portfolio_5564c077b997f020,semantic_llm,M_base(x) + (p0 * ((x1 * x2) ^ p1)),0.0013344573530172429,0.004474585956355425,0.03301241812442433,0.13554250826130457,7,0,True,0,True,structurally_ambiguous,3,"[""portfolio_5564c077b997f020"", ""portfolio_051605aaaff8eac3"", ""portfolio_89f67f3582185334""]",12.266876028535167,False,True,"{""x1"": 2.1695800411366832, ""x2"": 1.0923241947509785}",maximum_active_budget_reached
XFER-CYCLIC-01,cyclic_damage,516005977,conditional_space_filling,portfolio_5564c077b997f020,semantic_llm,M_base(x) + (p0 * ((x1 * x2) ^ p1)),0.0013848835270943497,0.0035181305180370004,0.03301241812442433,0.10656991271518224,7,0,True,3,True,structurally_ambiguous,3,"[""portfolio_5564c077b997f020"", ""portfolio_051605aaaff8eac3"", ""portfolio_1f3eabe5cf8f5e3a""]",5.288991853624577,False,True,"{""x1"": 1.719619189212076, ""x2"": 1.0712786927782139}",maximum_active_budget_reached
XFER-CYCLIC-01,cyclic_damage,516005977,evidence_guided_predictive_disagreement,portfolio_5564c077b997f020,semantic_llm,M_base(x) + (p0 * ((x1 * x2) ^ p1)),0.001420436716721187,0.0034906737874297574,0.03301241812442433,0.10573820355338262,7,0,True,3,True,structurally_ambiguous,3,"[""portfolio_5564c077b997f020"", ""portfolio_051605aaaff8eac3"", ""portfolio_1f3eabe5cf8f5e3a""]",5.433380042468434,False,True,"{""x1"": 1.719619189212076, ""x2"": 1.0712786927782139}",maximum_active_budget_reached
XFER-THERMAL-01,thermal_damage,516005977,no_acquisition,portfolio_f1517f5e9a1958ba,pysr,M_base(x) + (cos(x2) * x1 * x1 * pysr_coefficient_1),0.005719079991328299,0.03813902639360263,0.183804866501786,0.20749737000696897,6,0,False,0,True,structurally_ambiguous,3,"[""portfolio_f1517f5e9a1958ba"", ""portfolio_98e02b7e22eff03c"", ""portfolio_f2d95a36f016fca8""]",10.14325312965521,False,True,"{""x1"": 1.3833998062745598, ""x2"": 1.4634675888184159}",maximum_active_budget_reached
XFER-THERMAL-01,thermal_damage,516005977,conditional_space_filling,portfolio_f1517f5e9a1958ba,pysr,M_base(x) + (cos(x2) * x1 * x1 * pysr_coefficient_1),0.006828344090941355,0.03679634923274138,0.183804866501786,0.2001924646123765,6,0,False,3,True,structurally_ambiguous,3,"[""portfolio_f1517f5e9a1958ba"", ""portfolio_98e02b7e22eff03c"", ""portfolio_f2d95a36f016fca8""]",7.997320399080177,False,True,"{""x1"": 1.266856446622228, ""x2"": 1.4979271849122027}",maximum_active_budget_reached
XFER-THERMAL-01,thermal_damage,516005977,evidence_guided_predictive_disagreement,portfolio_f1517f5e9a1958ba,pysr,M_base(x) + (cos(x2) * x1 * x1 * pysr_coefficient_1),0.006933921855267191,0.03677857419645554,0.183804866501786,0.2000957585967843,6,0,False,1,True,identified_singleton,1,"[""portfolio_f1517f5e9a1958ba""]",0.0,True,False,{},insufficient_validation_equivalent_candidates
